age;stackVKtr;stackFluxVKtr
7101;0;0
7096;2.034497809;-1.669763875
7091;3.265738055;-2.743164275
7086;3.944613756;-3.344580951
7081;4.365460219;-3.724259492
7076;4.213835898;-3.428171114
7071;3.918039689;-2.973067405
7066;3.836945611;-2.80159103
7061;3.856557213;-2.763972862
7056;3.689611229;-3.096291665
7051;2.757068486;-4.505756699
7046;2.280806539;-5.327253987
7041;2.052202387;-5.82593062
7036;1.938357518;-6.173222486
7031;1.660119156;-6.434041698
7026;1.44907592;-6.661260755
7021;1.330337689;-6.874124519
7016;1.255664867;-7.077853879
7011;1.831176391;-6.723150791
7006;3.035833602;-5.820570089
7001;3.677489076;-5.412623713
6996;4.038666191;-5.249801675
6991;4.278900624;-5.195999661
6986;4.870264791;-5.029490594
6981;5.264865175;-4.953978404
6976;5.530398359;-4.935412516
6971;5.734074645;-4.943676848
6966;6.440118629;-4.789444051
6961;7.230585986;-4.608412396
6956;7.722168223;-4.525808765
6951;8.068874256;-4.490566305
6946;8.26449876;-4.597097664
6941;8.148423505;-5.119688463
6936;8.171755911;-5.416323926
6931;8.270319197;-5.589485021
6926;8.401729958;-5.705340015
6921;7.639711788;-5.942596327
6916;7.055565877;-6.138553801
6911;6.803814617;-6.2737194
6906;6.707370527;-6.379761283
6901;8.338482221;-4.223731008
6896;11.63131932;0.149990433
6891;13.44278917;2.494838444
6886;14.51471499;3.827558323
6881;15.23151743;4.698378647
6876;15.3740073;5.811830567
6871;15.59947135;6.624927135
6866;15.89383251;7.250676836
6861;16.21547848;7.782434209
6856;14.79186593;6.010072871
6851;13.03764365;3.78316815
6846;12.23298107;2.761657245
6841;11.8804972;2.313088153
6836;11.69331128;1.815096939
6831;11.45549258;0.3768934
6826;11.34903434;-0.396871274
6821;11.31175937;-0.811529536
6816;11.30782099;-1.057833695
6811;10.36895474;-1.112075825
6806;9.620431056;-1.147933034
6801;9.224697622;-1.203907512
6796;8.995902301;-1.267439499
6791;9.277638122;-0.727477169
6786;10.02238776;0.408290869
6781;10.39719458;0.998183346
6776;10.58865651;1.316689898
6771;10.6816897;1.490528304
6766;10.11347819;0.798516076
6761;9.778473263;0.402954595
6756;9.606162402;0.214342317
6751;9.50997856;0.121495278
6746;10.88533542;1.944655512
6741;12.54902963;4.141601777
6736;13.4417413;5.331444413
6731;13.96552331;6.038574323
6726;14.33429323;6.559051572
6721;14.6791919;7.104688293
6716;14.95023819;7.51968211
6711;15.18178616;7.863860653
6706;15.39262861;8.171394451
6701;13.87008777;7.265917128
6696;12.66859916;6.575114935
6691;12.09109223;6.311109264
6686;11.80588054;6.24534162
6681;11.91802868;6.844473344
6676;12.35162148;8.049755915
6671;12.58025971;8.754527988
6666;12.70702119;9.208509535
6661;12.87440059;9.610310358
6656;16.76104205;12.77317599
6651;19.13034745;14.77145046
6646;20.46824826;15.9802603
6641;21.32354719;16.81737539
6636;22.62551804;17.62622462
6631;23.94335381;18.37451158
6626;24.83709573;18.99406742
6621;25.52293923;19.54668167
6616;25.58407715;19.79891473
6611;23.81922259;19.13421397
6606;23.0362289;18.9647563
6601;22.78677211;19.0623041
6596;22.7815398;19.28003116
6591;20.58092247;17.40173646
6586;18.87137595;15.95577607
6581;18.02805832;15.30355667
6576;17.59208078;15.02319837
6571;18.03477287;14.61945517
6566;19.24536079;14.00609295
6561;19.87968283;13.70041533
6556;20.22776696;13.54853901
6551;20.39456775;13.41922968
6546;18.35003308;11.14539042
6541;17.14417006;9.769243745
6536;16.51532463;9.002308371
6531;16.15610462;8.522008557
6526;15.92178869;8.547602455
6521;15.74882692;8.710785272
6516;15.60863782;8.709433092
6511;15.48645721;8.632802766
6506;15.49296407;8.655586218
6501;15.90648215;9.110894869
6496;16.09736797;9.309276481
6491;16.1681511;9.369744163
6486;16.18466914;9.367843849
6481;16.58014155;9.487386994
6476;16.88834033;9.566571925
6471;17.04512974;9.586589779
6466;17.13130871;9.579612351
6461;16.78578848;9.190093439
6456;16.03267466;8.431156112
6451;15.63351;8.005738193
6446;15.41122495;7.747400195
6441;15.2788284;7.58573386
6436;15.49334107;8.23529982
6431;15.60377198;8.592742366
6426;15.6404252;8.748738195
6421;15.64385919;8.812107689
6416;16.49815654;9.3566669
6411;17.50962888;9.980658833
6406;18.04866269;10.31144704
6401;18.36175568;10.50195692
6396;19.08746639;11.06455846
6391;21.52076013;13.08093571
6386;22.92522724;14.23352734
6381;23.76818;14.91452983
6376;24.34753815;15.37441936
6371;22.33009332;13.62083409
6366;20.72100457;12.2168863
6361;19.98129402;11.55551361
6356;19.64728488;11.24091867
6351;19.0538545;10.50746751
6346;18.1086456;9.2796035
6341;17.60896206;8.611403574
6336;17.33127937;8.222413745
6331;17.15926614;7.953016494
6326;17.07793705;7.232581446
6321;17.00628062;6.751899862
6316;16.9376986;6.430132477
6311;16.87239475;6.185064205
6306;18.44947485;9.181779431
6301;20.33864293;12.8031552
6296;21.33974549;14.69584085
6291;21.91618832;15.76181271
6286;23.52743046;17.72747914
6281;29.22765163;23.87053524
6276;32.49185982;27.43215679
6271;34.42621692;29.58553973
6266;35.73687906;31.07631048
6261;34.04723719;27.99805648
6256;32.72442776;25.57032331
6251;32.31005998;24.60941648
6246;32.31470658;24.32871027
6241;30.66342572;22.96528219
6236;27.28216491;20.37347685
6231;25.60514012;19.10466859
6226;24.77493409;18.49253518
6221;24.33239256;18.2160887
6216;23.82026147;19.37772784
6211;23.50109345;20.08800221
6206;23.29764402;20.47858211
6201;23.15164234;20.72207086
6196;24.24536523;20.71199269
6191;25.58420352;20.63558144
6186;26.27627833;20.64557138
6181;26.66051717;20.69683688
6176;26.8537191;20.77323942
6171;26.81461118;20.87933149
6166;26.83853829;20.97756205
6161;26.89856827;21.07117841
6156;26.97462912;21.16263428
6151;26.14873673;20.02247898
6146;25.49917217;19.11663418
6141;25.18292364;18.66030791
6136;25.02348963;18.41568798
6131;24.67889633;18.32600566
6126;24.11532945;18.33891045
6121;23.80364638;18.32605412
6116;23.61841327;18.30142625
6111;23.4930578;18.28748685
6106;23.37688351;18.89514507
6101;23.28486703;19.25328196
6096;23.20769772;19.44237618
6091;23.13913511;19.553443
6086;22.8648434;19.4921219
6081;22.55478262;19.38842931
6076;22.36284338;19.35113633
6071;22.22880243;19.34574624
6066;21.73539842;18.76297354
6061;19.94109719;16.17750277
6056;18.90678573;14.74383175
6051;18.28854572;13.93951781
6046;17.86611321;13.42955251
6041;17.421506;13.31631347
6036;17.04684018;13.22344362
6031;16.74077192;13.07325675
6026;16.47049055;12.89985777
6021;16.72380034;13.62174977
6016;17.48487605;15.23083105
6011;17.79972604;16.02620304
6006;17.89453101;16.41789949
6001;17.9978198;16.742208
5996;22.72779398;22.10036349
5991;25.55427757;25.35305075
5986;27.08927838;27.17954105
5981;28.02069068;28.33784187
5976;25.82303025;25.20804907
5971;22.95078879;21.17425149
5966;21.55393884;19.21851058
5961;20.85974873;18.25271846
5956;20.30762385;17.73835309
5951;19.28870373;17.41803504
5946;18.69521461;17.21129454
5941;18.33041096;17.06141324
5936;18.07440306;16.94094124
5931;19.87526262;19.60485213
5926;21.32134542;21.75040156
5921;22.05049578;22.89073032
5916;22.44420366;23.55923356
5911;23.78182824;25.2150809
5906;26.12723006;27.95320968
5901;27.4425147;29.54675
5896;28.24333152;30.56749229
5891;28.80124937;31.29010525
5886;29.20349378;30.70950008
5881;29.56233764;30.53302594
5876;29.89975408;30.64018867
5871;30.22291395;30.87426225
5866;29.73911773;30.88281375
5861;29.09661202;30.86051485
5856;28.87958854;30.9977099
5851;28.86360349;31.2085035
5846;28.5362591;31.44540623
5841;26.88359544;31.67559332
5836;26.02999088;31.92106685
5831;25.61075943;32.17278788
5826;25.39372648;32.42569431
5821;24.20563974;29.70443014
5816;23.26728017;27.54848541
5811;22.74216352;26.47685838
5806;22.41339288;25.91461372
5801;21.74099096;25.28488545
5796;20.6850979;24.46852748
5791;20.04975597;23.98532541
5786;19.62637388;23.67002171
5781;19.26320249;23.3624238
5776;17.16296148;19.91357252
5771;15.81093305;17.77088887
5766;14.96619162;16.51633628
5761;14.36212613;15.68047735
5756;14.37339029;15.20930725
5751;14.53843729;14.86959587
5746;14.46577704;14.49479251
5741;14.2837897;14.10926656
5736;14.23393466;14.2159637
5731;14.77220553;15.99481651
5726;14.95891427;16.830159
5721;14.95687714;17.15418102
5716;14.86942863;17.24387501
5711;15.28565742;19.91363346
5706;15.58225542;22.02159188
5701;15.67457118;23.1250601
5696;15.67193548;23.75599217
5691;15.79497979;23.5867
5686;16.06452975;22.74195575
5681;16.17231689;22.36717934
5676;16.20003515;22.2252093
5671;16.18616861;22.1592347
5666;15.95891345;20.86262054
5661;15.8026717;20.10291414
5656;15.69651333;19.70383162
5651;15.61382056;19.47313378
5646;14.89219373;19.44911396
5641;14.05355813;19.4875082
5636;13.57125459;19.47614341
5631;13.26023751;19.44219132
5626;13.17001995;19.67980234
5621;13.5942353;20.86689132
5616;13.7671867;21.50919025
5611;13.8030722;21.85470074
5606;13.77666169;22.06232304
5601;16.52583477;24.74385641
5596;18.727479;26.90953341
5591;19.89890801;28.13131158
5586;20.58542132;28.90727068
5581;21.36047354;29.76694237
5576;22.33668615;30.81325496
5571;22.97146527;31.5400916
5566;23.43354089;32.10428509
5561;23.78126392;32.54169181
5556;22.8035543;30.95123656
5551;22.31793755;30.13634244
5546;22.16883817;29.85044098
5541;22.17354772;29.80779034
5536;20.64419602;27.80259018
5531;18.84333244;25.45699312
5526;17.92707558;24.26116822
5521;17.43383126;23.61580774
5516;16.82166756;22.9593014
5511;15.23019719;21.5143678
5506;14.2980882;20.65132702
5501;13.72502415;20.10504441
5496;13.32198755;19.71016765
5491;13.37198201;19.26610123
5486;13.39373546;18.88515217
5481;13.30366844;18.57228278
5476;13.16432368;18.29541761
5471;14.40856436;19.96786852
5466;17.02612628;23.55011299
5461;18.37333108;25.39771978
5456;19.08853961;26.38246707
5451;19.54033364;26.97069742
5446;21.15588309;27.54292326
5441;22.1791128;27.95423707
5436;22.8104672;28.27193384
5431;23.25578229;28.54245173
5426;22.80004814;28.77461561
5421;22.14535167;28.98948302
5416;21.9058677;29.2017612
5411;21.86217542;29.41038887
5406;21.3700274;29.19203225
5401;19.09553575;27.53445255
5396;17.87910026;26.69289019
5391;17.23842331;26.29565117
5386;16.86583669;26.10426338
5381;15.62341574;24.12251535
5376;14.63264041;22.54679761
5371;14.03743781;21.68348834
5366;13.6310023;21.15698664
5361;12.72618673;19.56184895
5356;11.28777321;16.83715495
5351;10.40747714;15.26369623
5346;9.808289568;14.26736666
5341;9.419442423;13.62315523
5336;12.35656971;16.49536091
5331;14.01585715;18.0733635
5326;14.80143765;18.76168654
5321;15.18230192;19.0400215
5316;16.97837434;21.02924181
5311;18.98853999;23.2899061
5306;20.08532968;24.47851264
5301;20.74333332;25.15366389
5296;21.42445562;25.96080493
5291;22.78575049;27.91681809
5286;23.65001805;29.09314171
5281;24.2426356;29.84440674
5276;24.70449464;30.39374987
5271;25.08225454;31.22895805
5266;25.42833069;31.93959035
5261;25.76028438;32.48081162
5256;26.08148075;32.93774115
5251;26.21267739;33.12209619
5246;26.15802349;33.05657907
5241;26.26009621;33.18193727
5236;26.43742169;33.39901383
5231;26.63763364;33.63339713
5226;26.45082835;32.94618547
5221;26.42879152;32.6409893
5216;26.51616;32.59257153
5211;26.65277141;32.66194105
5206;24.38622846;30.05834364
5201;21.6711528;26.96457764
5196;20.27652684;25.36284686
5191;19.513913;24.4757387
5186;18.3200177;23.18773741
5181;14.80178298;19.56489856
5176;12.76157918;17.44691623
5171;11.52747881;16.14984077
5166;10.67379907;15.24097454
5161;10.09937526;14.37011184
5156;9.600340414;13.62443923
5151;9.117789069;12.98719676
5146;8.649973095;12.40871524
5141;8.527606205;12.14324227
5136;8.744018491;12.17458867
5131;8.671618591;11.97192334
5126;8.45994259;11.65810819
5121;8.197061447;11.31844093
5116;8.297851072;11.83516849
5111;8.234348098;11.99655861
5106;8.063781791;11.92073675
5101;7.846124488;11.73782634
5096;8.700212242;12.64690985
5091;9.753329133;13.75137209
5086;10.21252918;14.2301382
5081;10.38904565;14.41112401
5076;10.0444884;14.02388299
5071;8.313827151;12.11101733
5066;7.311521477;11.0028537
5061;6.709066019;10.33640534
5056;6.293102155;9.876055226
5051;6.859630404;10.12019713
5046;7.299089973;10.29682167
5041;7.43455617;10.27705218
5036;7.42917034;10.16745968
5031;8.133907663;10.80048053
5026;9.570929344;12.18588785
5021;10.29504634;12.85743394
5016;10.6643116;13.17419949
5011;10.80547961;13.2618261
5006;8.171972312;10.49883534
5001;6.586865852;8.81634183
4996;5.72225886;7.876553577
4991;5.193077845;7.283125967
4986;4.964353935;6.847024726
4981;4.838105716;6.488588387
4976;4.671757778;6.173031561
4971;4.488344932;5.880744902
4966;4.749743234;6.141793358
4961;6.538778637;8.242566391
4956;7.456511434;9.304823859
4951;7.89975328;9.801599517
4946;8.122908784;10.03654662
4941;6.879723253;8.939258362
4936;5.847301721;8.01471088
4931;5.288648013;7.50390117
4926;4.951854294;7.186760559
4921;4.517033738;6.719076762
4916;3.933319377;6.057547072
4911;3.555547706;5.63448278
4906;3.281081075;5.330934155
4901;3.056325957;5.093960359
4896;2.862665119;5.295003489
4891;2.679775096;5.345905014
4886;2.50304997;5.293084696
4881;2.330790797;5.193402423
4876;2.967013587;6.047307238
4871;3.758090232;7.076272499
4866;4.114501137;7.572627194
4861;4.263690667;7.814396542
4856;4.896740552;8.386493179
4851;7.452284948;10.42567206
4846;8.862254015;11.56701475
4841;9.647361451;12.21864052
4836;10.13993895;12.64023041
4831;11.50561341;14.14298728
4826;12.60892309;15.36305904
4821;13.30567006;16.11793504
4816;13.80707923;16.65014911
4811;14.95150716;18.0100797
4806;16.77275726;20.23495935
4801;17.89831915;21.58297156
4796;18.67304727;22.48974018
4791;19.24076491;23.15062674
4786;18.05841585;22.19111828
4781;17.5022905;21.78721854
4776;17.3766131;21.76715327
4771;17.44687292;21.92056275
4766;16.7603851;21.32839413
4761;15.95284894;20.61340591
4756;15.61974368;20.35715363
4751;15.5119305;20.31801666
4746;14.81680702;19.55092363
4741;11.8249067;16.02227151
4736;10.19467866;14.11732662
4731;9.306611009;13.09727646
4726;8.7651438;12.4899538
4721;7.588416086;10.71679586
4716;6.645030061;9.298906329
4711;6.035805643;8.427740403
4706;5.587770179;7.818282152
4701;6.013818154;8.129497717
4696;7.262793291;9.285959805
4691;7.816708807;9.760426786
4686;8.02699088;9.898549909
4681;8.072222926;9.88110331
4676;7.698393245;9.66264413
4671;7.431949314;9.4672826
4666;7.246163329;9.295512132
4661;7.098586554;9.136040733
4656;6.983322503;8.870107375
4651;6.88026854;8.587435127
4646;6.775259515;8.370015532
4641;6.670277753;8.185210878
4636;6.677368428;8.096617216
4631;7.0627229;8.28733273
4626;7.234411791;8.32961637
4621;7.290116056;8.291802046
4616;7.292485877;8.217978912
4611;6.322365902;7.373512285
4606;5.521849488;6.666580923
4601;5.062654173;6.23330238
4596;4.764361333;5.929688796
4591;4.897465742;6.226333778
4586;5.417070177;7.083116484
4581;5.633971321;7.469074901
4576;5.700861891;7.621423862
4571;5.719311416;7.70563752
4566;6.572215169;9.431170478
4561;7.061778284;10.4517917
4556;7.30709755;10.99704969
4551;7.438286221;11.31969152
4546;6.779861049;11.08132869
4541;5.956624231;10.70556865
4536;5.520071009;10.55094077
4531;5.268120174;10.50032899
4526;5.498205072;10.92997077
4521;7.113697309;12.85157734
4516;7.980616609;13.94142198
4511;8.437867787;14.57541396
4506;8.704605982;14.99581364
4501;9.885134781;16.25724071
4496;10.83055719;17.28779291
4491;11.38689702;17.94646605
4486;11.75817844;18.42680665
4481;11.39447573;18.18336061
4476;10.3508903;17.268916
4471;9.867919159;16.90540132
4466;9.6625686;16.81367626
4461;9.547900048;16.8100945
4456;7.925282341;15.34657579
4451;6.960844518;14.51857935
4446;6.438820132;14.11712337
4441;6.123681906;13.91424748
4436;6.422025212;14.3907307
4431;6.865084974;15.02214253
4426;7.05198718;15.35669239
4421;7.117696918;15.54972557
4416;7.576410321;16.12754159
4411;9.530559718;18.20223328
4406;10.60492864;19.38948753
4401;11.19974789;20.09242024
4396;11.5707323;20.56845003
4391;11.92842574;20.83166342
4386;12.21629375;21.06087007
4381;12.44318094;21.29960294
4376;12.63884909;21.53961561
4371;12.50778666;21.45598729
4366;12.06189443;21.05262988
4361;11.88905139;20.93539005
4356;11.85066779;20.95873091
4351;11.82801586;20.99650724
4346;9.886301641;18.95076928
4341;8.741292638;17.7685244
4336;8.135780685;17.17095526
4331;7.782149997;16.84612115
4326;7.641539762;17.02083311
4321;7.576050661;17.32728959
4316;7.488172638;17.46285303
4311;7.391351833;17.51818158
4306;7.087356666;17.36902275
4301;6.088550388;16.63164223
4296;5.488711314;16.21485326
4291;5.108020677;15.97435525
4286;4.83089976;15.81674084
4281;4.640482143;15.25900996
4276;4.468873596;14.80533041
4271;4.298273242;14.52336992
4266;4.130278199;14.32370948
4261;3.637622624;13.71049556
4256;2.82591877;12.67181678
4251;2.314107018;12.05485821
4246;1.953512014;11.64981628
4241;1.706115864;11.3875144
4236;3.255036808;12.97902387
4231;4.11357653;13.86937461
4226;4.500124597;14.27937208
4221;4.668079677;14.46727218
4216;4.489714653;14.02976458
4211;4.217620851;13.44580842
4206;4.055951811;13.12331185
4201;3.94689648;12.92605899
4196;3.930220183;12.71557896
4191;4.156332446;12.28998306
4186;4.255561655;12.01708331
4181;4.285262824;11.8274708
4176;4.282741077;11.67771983
4171;4.845121317;11.82171374
4166;5.289635391;11.9239814
4161;5.518608499;11.93232197
4156;5.645878017;11.89760759
4151;5.780579398;11.91748654
4146;5.946439148;12.001629
4141;6.050236594;12.01586466
4136;6.122431526;11.99585682
4131;6.14445906;11.93119411
4126;4.676108221;10.60509668
4121;3.800341066;9.781781661
4116;3.328361127;9.301840037
4111;3.044500853;8.98284952
4106;2.730056006;8.782399962
4101;2.435591754;8.627475769
4096;2.226899207;8.469261458
4091;2.06050981;8.311266702
4086;2.380188072;8.593078732
4081;4.288730674;10.36310639
4076;5.302780744;11.28739328
4071;5.828851622;11.75085231
4066;6.128138277;12.00042939
4061;7.207037818;12.86277765
4056;8.065173572;13.54079421
4051;8.573176056;13.9339918
4046;8.91433854;14.19153225
4041;8.570479114;13.80229532
4036;7.591564237;12.80846357
4031;7.137710435;12.32299136
4026;6.943794326;12.08963435
4021;6.84769016;11.95144452
4016;5.896899584;10.9746259
4011;5.337655919;10.38260601
4006;5.039562975;10.04758604
4001;4.863513879;9.833110174
3996;5.213649972;10.02426345
3991;5.680002409;10.30921138
3986;5.905724963;10.41938709
3981;6.016900477;10.44695719
3976;6.093548612;10.44852134
3971;6.207581155;10.47206764
3966;6.274430433;10.46583222
3961;6.316099665;10.44417902
3956;6.345664796;10.41554801
3951;6.075977971;10.29834722
3946;5.8590225;10.19616946
3941;5.747358613;10.12478517
3936;5.684950936;10.06806214
3931;5.799622597;10.31576691
3926;6.07672249;10.85945795
3921;6.219553386;11.13618
3916;6.2953994;11.27989085
3911;6.327676415;11.3578029
3906;5.810833614;11.23954175
3901;5.502191376;11.17419587
3896;5.33654792;11.14727559
3891;5.237466085;11.137686
3886;4.752725142;10.78041209
3881;4.204308142;10.35936252
3876;3.889839896;10.13264448
3871;3.687941986;9.998880897
3866;3.486948473;9.818635626
3861;3.134392559;9.354118587
3856;2.896635175;9.07404403
3851;2.721766747;8.894526908
3846;2.577431957;8.762550899
3841;3.845878935;9.954938095
3836;4.856195286;10.91074451
3831;5.360951846;11.39734036
3826;5.62865363;11.66377948
3821;6.377140531;12.34559034
3816;7.654496006;13.4878792
3811;8.37129248;14.13736939
3806;8.807793785;14.54028934
3801;9.072575457;14.78271323
3796;7.579205981;13.08076701
3791;6.735751821;12.11046559
3786;6.339223929;11.64215456
3781;6.149200985;11.4062778
3776;4.764920651;10.03427399
3771;3.181871008;8.478299512
3766;2.320630983;7.622564046
3761;1.805665743;7.103098251
3756;1.581366875;6.885605065
3751;1.86969005;7.232052381
3746;1.949672479;7.339205789
3741;1.915616037;7.315643745
3736;1.831032733;7.233937627
3731;2.81515729;8.322908791
3726;3.582645932;9.17357172
3721;3.948869149;9.583755448
3716;4.127218439;9.787640958
3711;4.232232986;10.01493468
3706;4.309726637;10.31419124
3701;4.354528489;10.4834275
3696;4.382851845;10.58755797
3691;4.38450396;10.65001154
3686;3.597226208;10.24985346
3681;3.123341531;10.02156172
3676;2.862983812;9.911171888
3671;2.702069861;9.855093323
3666;1.901805557;9.161386733
3661;0.994579464;8.354236056
3656;0.471350922;7.91248304
3651;0.132899863;7.645903349
3646;-0.187276496;7.331429099
3641;-0.69925365;6.615162078
3636;-1.055318388;6.170841084
3631;-1.325904565;5.87493774
3626;-1.554638309;5.649698931
3621;-0.07193373;7.380044578
3616;1.100398319;8.761900703
3611;1.662622341;9.451874156
3606;1.939213681;9.817568604
3601;2.297994792;10.17313562
3596;2.805374488;10.59553036
3591;3.087951156;10.85536185
3586;3.258050286;11.03342853
3581;3.337606288;11.12550054
3576;1.808222213;9.213291183
3571;0.902662696;8.08945813
3566;0.423542979;7.503401814
3561;0.142613032;7.167469933
3556;1.838348328;8.747178081
3551;3.933488161;10.72193276
3546;5.026482723;11.74686045
3541;5.639866536;12.3175945
3536;5.836281926;12.45981735
3531;5.270466303;11.76518079
3526;5.026296459;11.44174933
3521;4.958924089;11.32237636
3516;4.971155882;11.29576045
3511;4.060006216;10.27849063
3506;3.346853556;9.476915969
3501;2.990041357;9.06085995
3496;2.800118437;8.825890262
3491;2.9071671;8.736902285
3486;3.266632164;8.748697508
3481;3.445578512;8.725237602
3476;3.534582883;8.684742354
3471;3.573954927;8.623880082
3466;3.24023311;7.979544442
3461;3.039979769;7.569103439
3456;2.932344682;7.318691779
3451;2.867773793;7.143731988
3446;3.047908181;7.350512214
3441;3.279978235;7.640592901
3436;3.394717563;7.752643128
3431;3.453392065;7.780440724
3426;3.238395559;7.650075318
3421;2.170842223;7.09575027
3416;1.577211099;6.76582316
3411;1.242698167;6.559348503
3406;1.028946672;6.410756932
3401;0.854066731;6.621892916
3396;0.710588601;6.783547987
3391;0.588178467;6.831306597
3386;0.476953576;6.82633628
3381;0.330358142;6.778167435
3376;0.146803551;6.700264482
3371;0.004109649;6.635047767
3366;-0.117289743;6.576548358
3361;-0.198694925;6.547084811
3356;0.97802816;7.623654549
3351;1.653803216;8.256263802
3346;1.988450101;8.586509268
3341;2.164327877;8.77555407
3336;3.727862381;10.35119413
3331;5.531557228;12.16865177
3326;6.523152746;13.1801082
3321;7.124487223;13.80397412
3316;7.232418181;13.93007431
3311;6.201039542;12.89885997
3306;5.723900365;12.43225566
3301;5.549377883;12.27374842
3296;5.512636125;12.25539558
3291;3.673899009;10.26480834
3286;2.21886166;8.690894898
3281;1.457521276;7.873265926
3276;1.022250575;7.411065342
3271;0.566305365;6.836829266
3266;0.013106671;6.068551182
3261;-0.346693902;5.591874156
3256;-0.608810381;5.261951783
3251;-0.846136054;4.975656417
3246;-2.050038247;3.550712295
3241;-2.840500455;2.618721957
3236;-3.350137294;2.020947382
3231;-3.726358935;1.581982495
3226;-4.389181379;0.858090772
3221;-5.084960188;0.105595481
3216;-5.571112445;-0.427891463
3211;-5.954059732;-0.853157639
3206;-6.05776492;-0.991093435
3201;-5.360339671;-0.308353257
3196;-5.089308327;-0.060765194
3191;-5.049475829;-0.048811736
3186;-5.114789433;-0.143645188
3181;-5.792397502;-0.689970578
3176;-6.383076614;-1.179951205
3171;-6.77600274;-1.530683108
3166;-7.074808238;-1.814540998
3161;-6.832978034;-1.456362375
3156;-6.081169223;-0.481963662
3151;-5.764933451;-0.04883596
3146;-5.664674308;0.115661155
3141;-5.634291217;0.181286309
3136;-4.38592311;1.264270823
3131;-3.668310822;1.886860429
3126;-3.307706757;2.201291192
3121;-3.114188582;2.371201806
3116;-2.864233334;2.461625696
3111;-2.627192457;2.516405204
3106;-2.483381331;2.559803099
3101;-2.385654341;2.596403953
3096;-2.47864704;2.450814844
3091;-3.152851269;1.699170975
3086;-3.509362054;1.289066407
3081;-3.693101601;1.064765418
3076;-3.797402774;0.926334753
3071;-3.577771813;1.070902019
3066;-3.39597579;1.18801707
3061;-3.311224177;1.225522931
3056;-3.272147143;1.225885091
3051;-3.258809551;1.159423188
3046;-3.260070405;1.03608385
3041;-3.262726321;0.953852072
3036;-3.266365326;0.892133138
3031;-3.273312184;0.836961669
3026;-3.384691509;0.660628071
3021;-3.45507163;0.537024096
3016;-3.497714191;0.448948888
3011;-3.527708092;0.377564865
3006;-4.521554908;-0.563314249
3001;-5.695742697;-1.665717422
2996;-6.342020572;-2.289195863
2991;-6.73527458;-2.682797092
2986;-6.806062657;-2.757973416
2981;-6.12796852;-2.067041724
2976;-5.816639058;-1.757519546
2971;-5.706005603;-1.65642444
2966;-5.687280629;-1.650746276
2961;-5.698393318;-1.711187723
2956;-5.731107916;-1.787260506
2951;-5.777126817;-1.864179244
2946;-5.829279145;-1.941286347
2941;-5.605034782;-1.757990081
2936;-5.107476052;-1.318461626
2931;-4.862844679;-1.11397042
2926;-4.744312716;-1.026536829
2921;-4.68823836;-1.001118701
2916;-4.81575703;-1.325825615
2911;-4.894321188;-1.532333475
2906;-4.93732498;-1.656190317
2901;-4.964376533;-1.741880591
2896;-6.130977491;-2.831164074
2891;-7.510915181;-4.104791605
2886;-8.26677439;-4.819519539
2881;-8.723634345;-5.26615205
2876;-8.85610088;-5.34506304
2871;-8.295682754;-4.542594946
2866;-8.059165729;-4.178351578
2861;-8.000035237;-4.053681729
2856;-8.021646407;-4.038764795
2851;-7.590299251;-3.472891528
2846;-7.268699934;-3.044802898
2841;-7.133160433;-2.847069327
2836;-7.084839507;-2.757708069
2831;-7.527164803;-3.124980521
2826;-8.431268224;-3.915710996
2821;-8.93780708;-4.351697369
2816;-9.24601637;-4.611016394
2811;-9.476066346;-4.804740221
2806;-10.27508407;-5.66227205
2801;-10.80542702;-6.217968421
2796;-11.15617169;-6.571274025
2791;-11.42169769;-6.829090797
2786;-11.26430046;-6.808118811
2781;-11.01379536;-6.720201534
2776;-10.95891299;-6.746467045
2771;-10.99621762;-6.826057853
2766;-10.4716867;-6.402632476
2761;-7.918128402;-4.202496859
2756;-6.542186888;-3.026856385
2751;-5.808475906;-2.409953013
2746;-5.374271879;-2.053403487
2741;-3.173368883;-0.030103155
2736;-1.406093793;1.591545495
2731;-0.372302614;2.528046895
2726;0.312779541;3.139162219
2721;0.705120441;3.524487252
2716;0.890401098;3.763306473
2711;1.14472475;4.024471024
2706;1.429514362;4.29329493
2701;1.732573609;4.57304159
2696;2.426152846;5.357201458
2691;2.958175545;5.930481353
2686;3.377311223;6.357935196
2681;3.740141593;6.713952538
2676;3.902438193;6.926934776
2671;4.014954163;7.099173786
2666;4.208434088;7.31602811
2661;4.43747195;7.551111114
2656;4.350695984;7.492290778
2651;3.150167317;6.417567197
2646;2.586811222;5.920165788
2641;2.369185213;5.735897618
2636;2.310686987;5.69549847
2631;1.16077651;4.649529408
2626;0.267192043;3.838527076
2621;-0.184730729;3.433273459
2616;-0.428655149;3.2189186
2611;-0.280885514;3.311604506
2606;0.203029674;3.661150906
2601;0.444760298;3.83542958
2596;0.566432654;3.922843272
2591;0.604184544;3.932194741
2586;-0.6385919;2.263294576
2581;-1.386685682;1.255570389
2576;-1.795303081;0.700061554
2571;-2.045053317;0.356217162
2566;-3.020213243;-0.774932867
2561;-4.109654012;-2.024519372
2556;-4.745165878;-2.766639382
2551;-5.161507967;-3.263405925
2546;-5.672227246;-3.790168578
2541;-6.805750669;-4.758137929
2536;-7.526867236;-5.40988289
2531;-8.021832147;-5.887705344
2526;-8.408347493;-6.280896088
2521;-8.036278853;-5.694799535
2516;-7.76981714;-5.263330766
2511;-7.743899981;-5.159143404
2506;-7.828039841;-5.205736811
2501;-7.888336079;-5.258910747
2496;-7.898086841;-5.281820877
2491;-7.98150314;-5.372565789
2486;-8.0999416;-5.495512556
2481;-8.219638796;-5.617267706
2476;-7.75564091;-5.097283265
2471;-7.530849548;-4.839719396
2466;-7.467582577;-4.759607767
2461;-7.478848857;-4.76157483
2456;-7.41574379;-4.688917727
2451;-7.347891625;-4.612629064
2446;-7.346246996;-4.605680623
2441;-7.376120813;-4.631881159
2436;-7.674504791;-4.930069948
2431;-8.841253943;-6.105936392
2426;-9.5190324;-6.788199128
2421;-9.929375522;-7.200577754
2416;-10.21473113;-7.486929742
2411;-10.41593944;-7.70750077
2406;-10.59245747;-7.899690928
2401;-10.76252259;-8.078587468
2396;-10.92791144;-8.249650186
2391;-11.23025052;-8.568332243
2386;-11.66773774;-9.033421757
2381;-11.97508649;-9.357167118
2376;-12.21629361;-9.609210384
2371;-12.42423077;-9.826145591
2366;-12.56719434;-10.00870365
2361;-12.72047298;-10.18817662
2356;-12.88125402;-10.36613194
2351;-13.04411165;-10.541928
2346;-11.57996911;-9.212664375
2341;-9.807666962;-7.597622428
2336;-8.917503632;-6.796837283
2331;-8.449261244;-6.385373824
2326;-7.385015547;-5.331175861
2321;-3.724305297;-1.566562469
2316;-1.646441295;0.558120911
2311;-0.432252953;1.787944023
2306;0.376089942;2.597640332
2301;2.952681945;4.725410547
2296;5.056803271;6.46240117
2291;6.390684617;7.589979307
2286;7.355296725;8.424098494
2281;7.699097198;8.415725185
2276;7.516834004;7.645524461
2271;7.681806155;7.464185527
2266;8.013653159;7.570790273
2261;8.373075154;7.798212329
2256;6.914190827;7.779992503
2251;6.206288204;7.904602434
2246;6.003500323;8.118364176
2241;6.032472493;8.370551068
2236;4.432164364;7.158129025
2231;2.55206446;5.671006134
2226;1.635198903;4.987414
2221;1.178640579;4.686663367
2216;0.596227054;4.086000596
2211;-1.039285081;1.949579765
2206;-1.965428548;0.777260091
2201;-2.505718294;0.129460111
2196;-2.863737615;-0.272512624
2191;-4.002129695;-1.495920331
2186;-4.929917131;-2.481959876
2181;-5.515692771;-3.094185592
2176;-5.937131752;-3.527177671
2171;-6.229293226;-3.561317241
2166;-6.431810188;-3.244293438
2161;-6.655289744;-3.184210598
2156;-6.886230179;-3.249405507
2151;-7.097438965;-3.36347779
2146;-6.456892869;-3.233027051
2141;-6.154054368;-3.219268354
2136;-6.079483597;-3.281282755
2131;-6.109191142;-3.377044693
2126;-6.143673274;-3.497735934
2121;-6.190932146;-3.625907537
2116;-6.269807385;-3.749764199
2111;-6.362841506;-3.870462927
2106;-6.622647599;-4.1906684
2101;-7.430704288;-5.194193192
2096;-7.926749617;-5.804073032
2091;-8.251529494;-6.198047803
2086;-8.495522263;-6.490197344
2081;-7.935837184;-5.842280298
2076;-7.502074448;-5.339246846
2071;-7.336701325;-5.147962744
2066;-7.296119985;-5.101541337
2061;-7.029179039;-4.990158934
2056;-6.509698727;-4.780101791
2051;-6.258633805;-4.702565743
2046;-6.141010912;-4.690517547
2041;-6.107739629;-4.724378127
2036;-7.05428899;-5.439011657
2031;-7.632254645;-5.891777159
2026;-7.956731901;-6.164839805
2021;-8.163203003;-6.353901618
2016;-8.682941057;-6.707936228
2011;-9.245614091;-7.081192315
2006;-9.594668477;-7.333231554
2001;-9.840492081;-7.526304631
1996;-10.30944726;-7.986043319
1991;-11.67835056;-9.433003442
1986;-12.50614356;-10.29966363
1981;-13.03778539;-10.84868743
1976;-13.42962425;-11.24816931
1971;-11.98902321;-9.955930573
1966;-10.85070064;-8.936345056
1961;-10.33844822;-8.488962024
1956;-10.11845739;-8.308525503
1951;-10.03663303;-8.258324767
1946;-10.02101412;-8.272501385
1941;-10.03248866;-8.307379871
1936;-10.05719866;-8.352209685
1931;-10.08912665;-8.396729279
1926;-10.14249272;-8.211353247
1921;-10.19085653;-8.121294186
1916;-10.23568748;-8.096021808
1911;-10.27912929;-8.101197092
1906;-11.01099274;-9.070629756
1901;-11.87269478;-10.22628189
1896;-12.36011262;-10.86946446
1891;-12.66812542;-11.26717761
1886;-12.34314656;-11.06576345
1881;-10.11514502;-9.165994611
1876;-8.930851891;-8.1775016
1871;-8.316985969;-7.687264364
1866;-7.968238205;-7.428061137
1861;-8.351089087;-7.52977127
1856;-8.678489204;-7.635212022
1851;-8.814647969;-7.674253971
1846;-8.862931637;-7.683596469
1841;-9.107743674;-7.730109888
1836;-9.567205832;-7.820674805
1831;-9.806280508;-7.865017936
1826;-9.936282737;-7.887096976
1821;-9.956445336;-7.841430863
1816;-7.39562938;-5.295871686
1811;-5.854626459;-3.754986206
1806;-5.010458749;-2.89915986
1801;-4.492182783;-2.364286134
1796;-5.386058169;-3.636689422
1791;-6.592270533;-5.29583563
1786;-7.153321011;-6.094245536
1781;-7.408000869;-6.483226727
1776;-7.994997771;-7.179825165
1771;-10.12143879;-9.472206631
1766;-11.30150165;-10.76174545
1761;-11.96680717;-11.5059703
1756;-12.39153963;-11.99478195
1751;-12.47329237;-12.06126455
1746;-12.54244558;-12.12471667
1741;-12.66593148;-12.26623892
1736;-12.81228747;-12.44128436
1731;-12.59955441;-12.28586772
1726;-12.02741095;-11.79649042
1721;-11.78641865;-11.61695005
1716;-11.70908188;-11.59011372
1711;-11.66949408;-11.58606947
1706;-10.06150027;-9.599835906
1701;-9.115492447;-8.439573499
1696;-8.616896578;-7.838452325
1691;-8.327556486;-7.498554853
1686;-7.765674996;-7.001785857
1681;-7.18182778;-6.511863338
1676;-6.824333721;-6.204339508
1671;-6.577126579;-5.98626084
1666;-7.03959401;-6.492865114
1661;-9.755719326;-9.331940652
1656;-11.21528341;-10.864957
1651;-11.98932526;-11.68556811
1646;-12.44519288;-12.17543896
1641;-12.88548389;-12.47146528
1636;-13.22837696;-12.70002843
1631;-13.48629416;-12.90505666
1626;-13.70184704;-13.09651499
1621;-13.39914512;-12.86383136
1616;-12.59600342;-12.21643318
1611;-12.23352022;-11.93982272
1606;-12.08929171;-11.84664987
1601;-12.06553511;-11.85517878
1596;-12.95611621;-12.65723606
1591;-13.51840763;-13.17297058
1586;-13.85257762;-13.48980764
1581;-14.08012659;-13.71355302
1576;-14.77920364;-14.37052986
1571;-15.5521191;-15.09588494
1566;-16.0287359;-15.55057368
1561;-16.36219507;-15.87442612
1556;-16.35810127;-15.93611567
1551;-15.40645309;-15.28915013
1546;-14.95873895;-15.01272071
1541;-14.78569526;-14.93808395
1536;-14.73898929;-14.95585185
1531;-12.5398147;-12.96746698
1526;-10.7896789;-11.38932566
1521;-9.860490168;-10.56877365
1516;-9.318200221;-10.10493078
1511;-8.706578841;-9.325583958
1506;-7.93590566;-8.152086597
1501;-7.437524147;-7.456406245
1496;-7.077169705;-7.000934896
1491;-6.846980566;-6.720888194
1486;-9.332167753;-9.090609799
1481;-10.75707438;-10.44606828
1476;-11.45883616;-11.10778501
1471;-11.82534826;-11.44833142
1466;-12.00938923;-11.80347945
1461;-12.11497578;-12.11964485
1456;-12.19964309;-12.31361201
1451;-12.27341471;-12.44842269
1446;-12.62047549;-12.83195129
1441;-13.9122309;-14.14209358
1436;-14.65940441;-14.90696248
1431;-15.10850932;-15.37361772
1426;-15.41772359;-15.70015325
1421;-14.99335686;-14.93391637
1416;-14.66272178;-14.32969112
1411;-14.55787236;-14.0822659
1406;-14.55733024;-14.00078961
1401;-13.95161733;-13.39540324
1396;-12.7255807;-12.23509328
1391;-12.09867512;-11.63361317
1386;-11.76997921;-11.31051853
1381;-11.55934637;-11.09977927
1376;-10.51481379;-10.18390128
1371;-9.865343059;-9.608145049
1366;-9.47966359;-9.259294746
1361;-9.218935659;-9.018330388
1356;-8.642473295;-8.324683628
1351;-8.025726006;-7.562733579
1346;-7.630147077;-7.090348474
1341;-7.342733757;-6.758925331
1336;-7.547298856;-6.866413225
1331;-9.269232026;-8.266453865
1326;-10.15542387;-8.96711046
1321;-10.58630012;-9.286936159
1316;-10.80685439;-9.431504123
1311;-11.19908713;-10.26769886
1306;-11.49370774;-10.9188051
1301;-11.66743231;-11.26975534
1296;-11.78345186;-11.47914535
1291;-10.47922965;-10.36528614
1286;-7.791823299;-7.983533386
1281;-6.356125384;-6.721737099
1276;-5.544521654;-6.018225644
1271;-5.005358754;-5.562877347
1266;-3.802017314;-4.721333863
1261;-2.990538358;-4.145773181
1256;-2.435217435;-3.741625636
1251;-2.003449852;-3.420766911
1246;-1.737714107;-3.050620896
1241;-1.524726925;-2.68626708
1236;-1.274638949;-2.385591253
1231;-1.010398207;-2.11830341
1226;-1.463039633;-2.535348036
1221;-4.360318327;-5.223258607
1216;-5.866012564;-6.628554429
1211;-6.61387308;-7.334979865
1206;-7.010348178;-7.717339603
1201;-9.082882847;-9.558419442
1196;-10.72537766;-11.01943986
1191;-11.65592007;-11.85558644
1186;-12.24892307;-12.39533006
1181;-12.77289438;-12.93840333
1176;-13.30762133;-13.55374728
1171;-13.71763264;-14.00139929
1166;-14.06234861;-14.36257271
1161;-14.32724305;-14.62675137
1156;-12.62620464;-12.5915082
1151;-11.69643962;-11.45846981
1146;-11.29137195;-10.93983161
1141;-11.12860188;-10.70558368
1136;-10.35374269;-10.518232
1131;-9.494188291;-10.37655465
1126;-9.052159977;-10.31033909
1121;-8.810220577;-10.28066869
1116;-8.868424303;-10.40933723
1111;-9.671503376;-11.02400474
1106;-10.097471;-11.37097826
1101;-10.31705708;-11.57182756
1096;-10.44155599;-11.70484906
1091;-11.22963808;-12.30232903
1086;-11.86190736;-12.78965685
1081;-12.22542339;-13.08770251
1076;-12.46194159;-13.29596056
1071;-12.64190405;-13.73801375
1066;-12.79594434;-14.43081986
1061;-12.93149615;-14.86217137
1056;-13.05685845;-15.16209465
1051;-13.17536223;-15.38876339
1046;-13.25794641;-15.12965502
1041;-13.35024132;-15.03743472
1036;-13.44871733;-15.06052926
1031;-13.54905899;-15.13581104
1026;-13.68630106;-15.05976906
1021;-13.82960428;-14.96062109
1016;-13.95156095;-14.95995983
1011;-14.06250855;-15.00571646
1006;-14.14268586;-15.08708756
1001;-14.13497198;-15.22734574
996;-14.17300035;-15.34339763
991;-14.23546212;-15.44558627
986;-14.30861409;-15.54097834
981;-14.32589138;-15.59268611
976;-14.35620441;-15.64996285
971;-14.40878041;-15.72049538
966;-14.47137651;-15.79684417
961;-14.40750837;-15.83937821
956;-14.21672287;-15.84710387
951;-14.14457926;-15.88749072
946;-14.13130549;-15.94384334
941;-14.12505195;-15.98771546
936;-13.26315416;-15.19076808
931;-12.75729358;-14.73524643
926;-12.49276901;-14.51182977
921;-12.34126354;-14.39682927
916;-11.0149928;-13.05701374
911;-9.483254555;-11.50133817
906;-8.632483561;-10.6515846
901;-8.109325385;-10.14117632
896;-7.452801833;-9.4248267
891;-5.894029433;-7.544395977
886;-4.932516385;-6.413103407
881;-4.29776403;-5.691384341
876;-3.818973062;-5.16422633
871;-5.163609526;-6.178931659
866;-6.215503829;-6.967030605
861;-6.652416098;-7.254333907
856;-6.803729285;-7.31022259
851;-7.259466759;-7.659881643
846;-8.083194299;-8.354463045
841;-8.486431074;-8.668372237
836;-8.681158844;-8.794198262
831;-8.82246286;-8.880396517
826;-10.79389694;-10.95390652
821;-11.98696272;-12.19125006
816;-12.65379477;-12.86297407
811;-13.07369221;-13.2699865
806;-13.69367152;-14.24228829
801;-14.31580259;-15.28382559
796;-14.73542231;-15.91895906
791;-15.05534086;-16.3569419
786;-15.20039572;-16.4754786
781;-14.89378465;-15.78424466
776;-14.81502718;-15.50255163
771;-14.85915486;-15.44333676
766;-14.95806272;-15.48494972
761;-14.2243288;-15.39649604
756;-13.6635287;-15.36120827
751;-13.41885101;-15.39810594
746;-13.32185096;-15.46801555
741;-13.48674693;-15.74631381
736;-13.87395124;-16.22132621
731;-14.10124704;-16.5233474
726;-14.24853363;-16.73835941
721;-14.33681805;-16.89534653
716;-13.46885293;-16.31202755
711;-12.97054678;-16.00826608
706;-12.72536316;-15.89601733
701;-12.59808179;-15.87223155
696;-12.38601835;-15.66868367
691;-12.17404222;-15.44246022
686;-12.05136765;-15.34492366
681;-11.97219251;-15.30904086
676;-11.94630412;-15.24874704
671;-12.04024617;-15.0213232
666;-12.07790817;-14.9042294
661;-12.08521794;-14.84728406
656;-12.07915455;-14.81881046
651;-9.178415633;-12.01430333
646;-6.826990793;-9.749382985
641;-5.531222993;-8.508316953
636;-4.733291594;-7.750232936
631;-3.85351139;-6.682399189
626;-2.776538002;-5.196781158
621;-2.044220703;-4.25410808
616;-1.487102316;-3.585550931
611;-1.034310075;-3.073723109
606;-1.386060512;-3.657110317
601;-1.458289404;-3.863483616
596;-1.339298103;-3.810509554
591;-1.135353838;-3.641268727
586;-2.672440836;-4.876371399
581;-4.530862483;-6.365471005
576;-5.419871911;-7.057361326
571;-5.846590746;-7.369608539
566;-6.120510341;-7.502353988
561;-6.502513679;-7.539659485
556;-6.716647402;-7.545473074
551;-6.841335402;-7.536326411
546;-6.922792739;-7.51943328
541;-4.710358041;-6.418785279
536;-2.920060315;-5.521778485
531;-1.9537599;-5.017990904
526;-1.374604276;-4.699266845
521;-0.217823384;-3.672587695
516;1.598193056;-1.906301907
511;2.684410332;-0.880266745
506;3.404805545;-0.22475395
501;4.00565555;0.304702627
496;6.859111732;2.852449954
491;8.725281955;4.508627397
486;9.923849494;5.562928185
481;10.80561173;6.331868848
476;11.37225755;6.445656345
471;11.82974577;6.391378653
466;12.33113055;6.578906023
461;12.84740775;6.877032242
456;12.99179865;6.982102164
451;11.86653702;6.29201611
446;11.45576667;6.070428146
441;11.4310623;6.100985194
436;11.58204408;6.246032283
431;10.71516631;5.904930909
426;10.09258399;5.688733095
421;9.885641394;5.678016023
416;9.872857971;5.762706762
411;9.77910834;5.671584682
406;9.55930597;5.384477003
401;9.513504149;5.304375854
396;9.554006785;5.326773486
391;9.587549382;5.366289384
386;7.60520833;4.127322694
381;6.452429369;3.422859117
376;5.862991289;3.080280884
371;5.537329613;2.906992438
366;4.842408784;2.090466771
361;4.115250712;1.17642021
356;3.687897057;0.675166373
351;3.406683441;0.37320226
346;2.879036309;-0.143594953
341;1.31044959;-1.664477871
336;0.377373703;-2.560461588
331;-0.207082729;-3.114368621
326;-0.625894775;-3.506049072
321;0.59810686;-2.616603651
316;1.56627729;-1.915631472
311;1.987538116;-1.631043394
306;2.155054805;-1.53905621
301;2.883451107;-0.849778697
296;4.224440457;0.473388143
291;4.929731833;1.160182818
286;5.319094386;1.530774002
281;5.565521531;1.756056807
276;5.925313713;1.987766189
271;6.177266968;2.155137214
266;6.361526617;2.284527884
261;6.51270656;2.394868723
256;6.320948793;1.784952907
251;6.058458265;1.035268925
246;5.967583924;0.667745282
241;5.957908803;0.482598994