age;C14_mean_stack;C14_vostok
7101;0.564641157;-0.428537281
7096;2.306678465;0.190542067
7091;3.247978113;0.470399851
7086;3.639420426;0.537982608
7081;3.775328051;0.507763645
7076;3.341246826;-0.183589511
7071;2.765463066;-1.012015009
7066;2.406838249;-1.515389001
7061;2.151363424;-1.862781338
7056;1.711762859;-2.208580615
7051;0.508984957;-2.761985487
7046;-0.235105113;-3.158690756
7041;-0.729142701;-3.469699948
7036;-1.106038627;-3.73920022
7031;-1.64495794;-4.229374279
7026;-2.114324254;-4.661753635
7021;-2.489039884;-4.9985328
7016;-2.817356583;-5.288583616
7011;-2.493167532;-5.083492847
7006;-1.537523472;-4.401788032
7001;-1.142583868;-4.138541431
6996;-1.025837347;-4.082535777
6991;-1.027760199;-4.104693968
6986;-0.676291936;-3.441020702
6981;-0.519337968;-3.091668375
6976;-0.489213563;-2.951966384
6971;-0.518720236;-2.910215857
6966;-0.043645169;-2.480384735
6961;0.518055572;-1.990879522
6956;0.783061792;-1.74840301
6951;0.90537074;-1.624900841
6946;0.878765464;-1.688777231
6941;0.542616143;-2.224829448
6936;0.348018643;-2.520988279
6931;0.230784666;-2.686160567
6926;0.148519329;-2.791230336
6921;-0.825065217;-3.063890875
6916;-1.618679187;-3.286463507
6911;-2.077811557;-3.431603244
6906;-2.37956114;-3.540153745
6901;-0.951690615;-2.24602349
6896;2.139958381;0.418865082
6891;3.752281973;1.835369293
6886;4.627092196;2.629128443
6881;5.148798553;3.170278308
6876;5.098200742;5.215500285
6871;5.132574441;6.530030303
6866;5.237831541;7.357524549
6861;5.372348741;7.953342556
6856;3.763571745;5.476855423
6851;1.826138416;2.384208735
6846;0.840207291;0.867374826
6841;0.308386524;0.101598322
6836;-0.056215465;0.032721396
6831;-0.46954019;1.312259716
6826;-0.749605158;1.993028015
6821;-0.958598272;2.342950544
6816;-1.132376888;2.540730614
6811;-2.239216105;1.2444105
6806;-3.153856091;0.186898632
6801;-3.713859732;-0.365963725
6796;-4.105089696;-0.681562576
6791;-3.983963452;-1.059380417
6786;-3.398008787;-1.554277919
6781;-3.180192761;-1.865663015
6776;-3.143927836;-2.084447097
6771;-3.204308218;-2.251327926
6766;-3.924160186;-2.10138806
6761;-4.409042742;-2.056988216
6756;-4.729478652;-2.085249023
6751;-4.972045176;-2.145648133
6746;-3.74133881;-2.852948518
6741;-2.22057305;-3.684710124
6736;-1.469077895;-4.17342468
6731;-1.084810538;-4.496530312
6726;-0.853863447;-4.77704439
6721;-0.645105787;-5.14125151
6716;-0.508528656;-5.414963289
6711;-0.409787928;-5.63852854
6706;-0.330100704;-5.8364318
6701;-1.982154618;-4.759379435
6696;-3.311523979;-3.914071586
6691;-4.015289135;-3.523366962
6686;-4.425146286;-3.344847833
6681;-4.436040569;-3.231689509
6676;-4.123896846;-3.132154648
6671;-4.015124006;-3.083663665
6666;-4.006653852;-3.060279394
6661;-3.956001305;-2.961302203
6656;-0.184531778;0.899869634
6651;2.071147085;3.23916876
6646;3.296957268;4.54231376
6641;4.041692027;5.360518202
6636;5.234615742;7.159769598
6631;6.444912029;9.075318464
6626;7.232612765;10.27550687
6621;7.813904062;11.12817438
6616;7.771969477;11.41988373
6611;5.905512857;10.29246446
6606;5.022378336;9.880929977
6601;4.674232761;9.857850876
6596;4.571754562;10.01029494
6591;2.275325121;7.71852811
6586;0.471391185;5.941807814
6581;-0.464898215;5.100566173
6576;-0.992440896;4.69794161
6571;-0.639916303;5.899651735
6566;0.481892816;8.575003912
6561;1.028815831;10.0318045
6556;1.29087183;10.88109961
6551;1.373006531;11.36019874
6546;-0.754841005;7.917607634
6541;-2.042672454;5.937249313
6536;-2.752150626;4.963756326
6531;-3.190676414;4.458442652
6526;-3.502979844;3.399717667
6521;-3.752619491;2.299782737
6516;-3.968185466;1.671127166
6511;-4.164450539;1.270860687
6506;-4.230744288;1.096505221
6501;-3.888751487;1.371056729
6496;-3.768124108;1.450548927
6491;-3.766341041;1.424913165
6486;-3.817573113;1.353717076
6481;-3.488609262;1.483663026
6476;-3.245685848;1.565451905
6471;-3.152946945;1.566171514
6466;-3.129601921;1.530675322
6461;-3.536747803;1.625078227
6456;-4.350287217;1.856538031
6451;-4.808685616;1.955564361
6446;-5.089020723;1.989848305
6441;-5.278291786;2.003684866
6436;-5.119486195;2.372825678
6431;-5.063603006;2.588527118
6426;-5.080346193;2.701538599
6421;-5.129165311;2.767219923
6416;-4.325985751;1.972088548
6411;-3.364503834;1.008847043
6406;-2.874341;0.497229229
6401;-2.609007426;0.202444823
6396;-1.929952429;0.404572731
6391;0.457781476;1.996309155
6386;1.817776834;2.847484856
6381;2.617338161;3.294129241
6376;3.154377466;3.553787728
6371;1.095678677;2.164966946
6366;-0.553606816;1.03293796
6361;-1.332464532;0.451637535
6356;-1.704578872;0.129063888
6351;-2.335080062;-0.694615711
6346;-3.316332929;-2.071989748
6341;-3.851041112;-2.8575968
6336;-4.162736604;-3.346721149
6331;-4.367758253;-3.669068616
6326;-4.481098804;-2.797999771
6321;-4.58377713;-2.344324409
6316;-4.682398847;-2.179025876
6311;-4.776767528;-2.145252754
6306;-3.227784697;-1.803477674
6301;-1.365753598;-1.418487315
6296;-0.390834974;-1.243859272
6291;0.16036975;-1.168855693
6286;1.747312433;-0.353180289
6281;7.42416564;3.109745478
6276;10.66593024;5.039102208
6271;12.57876102;6.131574584
6266;13.86880706;6.833379368
6261;12.15945227;8.119261226
6256;10.81782609;9.167401384
6251;10.38553077;9.887176542
6246;10.37313208;10.44797085
6241;8.705681262;9.232972475
6236;5.309118952;6.307653554
6231;3.617654258;4.89284486
6226;2.773863093;4.228301028
6221;2.318584397;3.867354164
6216;1.794557343;1.810133166
6211;1.464327821;0.579354593
6206;1.250644639;-0.102979764
6201;1.095230277;-0.526689374
6196;2.180354901;0.805593254
6191;3.511402719;2.507562375
6186;4.196488255;3.355641273
6181;4.574532454;3.797700193
6176;4.762327838;4.233534391
6171;4.71859496;5.195538544
6166;4.738672219;5.766488651
6161;4.795621005;6.126369321
6156;4.869362894;6.386991381
6151;4.041907384;4.910275044
6146;3.391529179;3.732254419
6141;3.075210142;3.159298388
6136;2.916442453;2.870073604
6131;2.573246023;2.167178738
6126;2.011800309;0.990447444
6121;1.702956478;0.338597036
6116;1.521274483;-0.050491543
6111;1.400175837;-0.299052377
6106;1.288957939;0.199067317
6101;1.202591309;0.452431155
6096;1.131759221;0.535385871
6091;1.070215151;0.541495183
6086;0.803617269;0.922465685
6081;0.501919605;1.366396553
6076;0.319006796;1.583128982
6071;0.194649647;1.692248521
6066;-0.288419109;1.203188413
6061;-2.071739524;-1.171053295
6056;-3.09443047;-2.491517306
6051;-3.700416102;-3.235155346
6046;-4.109966178;-3.709041012
6041;-4.541068679;-4.48781475
6036;-4.901613269;-5.12020672
6031;-5.192949503;-5.560535976
6026;-5.447893751;-5.906720137
6021;-5.178647415;-5.576222036
6016;-4.40104138;-4.601059312
6011;-4.069072905;-4.178523642
6006;-3.95656688;-4.028685635
6001;-3.83500003;-3.978148473
5996;0.913823677;-2.91644832
5991;3.75972275;-2.310095134
5986;5.314699516;-2.007616979
5981;6.266642786;-1.846454303
5976;4.09006291;-2.255067337
5971;1.239446182;-2.789945464
5966;-0.135240234;-3.066180383
5961;-0.806733361;-3.218737888
5956;-1.335633135;-3.501275832
5951;-2.330805324;-4.392807413
5946;-2.900028961;-4.907188263
5941;-3.240054823;-5.215680304
5936;-3.47077785;-5.42708017
5931;-1.644131528;-4.777136044
5926;-0.171765243;-4.258711742
5921;0.58416018;-4.024820095
5916;1.005129585;-3.923107688
5911;2.370497063;-2.762007001
5906;4.744118086;-0.527420079
5901;6.088093197;0.681863889
5896;6.918066741;1.380044328
5891;7.505602581;1.865083687
5886;7.937921284;3.340289157
5881;8.327290802;4.314126736
5876;8.695679356;4.955257871
5871;9.050252907;5.437649666
5866;8.598307076;5.072653855
5861;7.988083628;4.52219699
5856;7.803769471;4.367207131
5851;7.820916021;4.398434187
5846;7.527120747;4.164915243
5841;5.908418985;2.785648445
5836;5.089184395;2.098224206
5831;4.704726301;1.786378067
5826;4.522865434;1.648917446
5821;3.370344869;1.599663202
5816;2.467940954;1.588475209
5811;1.979164854;1.594534141
5806;1.687115098;1.609819438
5801;1.051809859;0.904746939
5796;0.033384766;-0.510512479
5791;-0.564122399;-1.267027611
5786;-0.94930739;-1.694110974
5781;-1.273923784;-2.011785636
5776;-3.335256316;-4.204338763
5771;-4.648027176;-5.573477002
5766;-5.453166309;-6.386957387
5761;-6.017289119;-6.937744455
5756;-5.965746211;-6.826747212
5751;-5.76008869;-6.550831068
5746;-5.791810914;-6.530879965
5741;-5.93253697;-6.629344801
5736;-5.94081169;-6.849029755
5731;-5.36064566;-7.327262866
5726;-5.131731095;-7.676404036
5721;-5.091255885;-7.951930635
5716;-5.135889668;-8.190671846
5711;-4.676547865;-8.824316432
5706;-4.336542648;-9.366951921
5701;-4.20052952;-9.749862101
5696;-4.159181736;-10.05503808
5691;-3.991871834;-9.539068226
5686;-3.677778161;-8.232866922
5681;-3.525173148;-7.621278339
5676;-3.452366795;-7.353969838
5671;-3.420878939;-7.208603128
5666;-3.602517292;-5.571219014
5661;-3.712883695;-4.598892758
5656;-3.772912024;-4.072410192
5651;-3.809223885;-3.754665129
5646;-4.484222737;-4.575647705
5641;-5.27598707;-5.640827216
5636;-5.711179808;-6.165371442
5631;-5.974850286;-6.43235784
5626;-6.017489153;-6.802514496
5621;-5.545466708;-7.870779286
5616;-5.324483474;-8.481686779
5611;-5.240345045;-8.843930342
5606;-5.218285151;-9.089104312
5601;-2.42042779;-6.593991967
5596;-0.169888978;-4.582682791
5591;1.050641363;-3.537117744
5586;1.786459222;-2.944621364
5581;2.611015699;-2.719191584
5576;3.636928788;-2.747597416
5571;4.321601144;-2.684955233
5566;4.833759314;-2.578072137
5561;5.231750788;-2.420057557
5556;4.304492106;-0.833755472
5551;3.869505412;0.180653892
5546;3.77121185;0.803743247
5541;3.826899646;1.242368151
5536;2.34869531;-0.338411858
5531;0.599144919;-2.327627461
5526;-0.265636194;-3.291288901
5521;-0.707245457;-3.765869087
5516;-1.267618017;-4.129777122
5511;-2.807144366;-4.780407623
5506;-3.687159639;-5.155115079
5501;-4.207983438;-5.381335859
5496;-4.558636393;-5.536468559
5491;-4.456118013;-6.222726817
5486;-4.381703468;-6.782338422
5481;-4.418975295;-7.124246389
5476;-4.505393821;-7.361778431
5471;-3.2080989;-6.803376495
5466;-0.537357747;-5.486180956
5461;0.863148283;-4.82832635
5456;1.631777068;-4.497756212
5451;2.137107425;-4.24830645
5446;3.806306342;-1.065264102
5441;4.883295749;0.873688055
5436;5.568517185;1.971704635
5431;6.067803779;2.675611159
5426;5.666142752;3.146768918
5421;5.065618195;3.51767356
5416;4.880402119;3.866090517
5411;4.891070925;4.199796906
5406;4.453374414;3.68220085
5401;2.233421948;0.304476838
5396;1.071610589;-1.452216063
5391;0.485640009;-2.325805743
5386;0.167839309;-2.789808462
5381;-1.019718839;-4.268980604
5376;-1.955557134;-5.425710661
5371;-2.495751094;-6.095259377
5366;-2.847108968;-6.532599086
5361;-3.696780495;-7.443352599
5356;-5.079986135;-8.873302869
5351;-5.905013038;-9.743644444
5346;-6.448872685;-10.33180144
5341;-6.782335661;-10.7086376
5336;-3.789770449;-7.75733793
5331;-2.074993803;-6.083685372
5326;-1.233875267;-5.28346033
5321;-0.797426565;-4.887546346
5316;1.054274268;-3.425185305
5311;3.120109917;-1.814146893
5306;4.272608816;-0.926298809
5301;4.986358518;-0.385841201
5296;5.723261395;0.336739084
5291;7.140369037;2.153845923
5286;8.060479265;3.259808137
5281;8.708967096;3.977185128
5276;9.226721769;4.510024853
5271;9.660400408;6.285128394
5266;10.06241618;7.759104928
5261;10.45032816;8.719534734
5256;10.82749931;9.433818914
5251;11.01468505;10.53004699
5246;11.01603241;12.05808928
5241;11.17411643;13.09799428
5236;11.40746112;13.88994163
5231;11.6636981;14.54681787
5226;11.53292159;14.53904725
5221;11.56691521;14.73874186
5216;11.71031379;15.08143468
5211;11.90295291;15.48548567
5206;9.692433283;12.56136442
5201;7.033374567;9.012052
5196;5.694757202;7.283705117
5191;4.988141657;6.424934708
5186;3.850232416;5.255377899
5181;0.387969602;1.85058812
5176;-1.596278345;-0.075077462
5171;-2.774440795;-1.195974754
5166;-3.572202414;-1.93718343
5161;-4.090729747;-2.73465741
5156;-4.533891592;-3.3933613
5151;-4.960595222;-3.913732401
5146;-5.372590562;-4.362339212
5141;-5.439165677;-4.380022982
5136;-5.166992235;-3.988477678
5131;-5.183663342;-3.933238213
5126;-5.339644638;-4.041061087
5121;-5.546866873;-4.193359951
5116;-5.39045583;-3.222381949
5111;-5.39837655;-2.72665218
5106;-5.513401427;-2.549444541
5101;-5.675559764;-2.518502715
5096;-4.766017133;-1.959080262
5091;-3.657491063;-1.317415697
5086;-3.142929125;-1.012210909
5081;-2.911099628;-0.867377532
5076;-3.200394273;-1.100166364
5071;-4.875844881;-2.396871505
5066;-5.822993403;-3.12240716
5061;-6.370346708;-3.534901795
5056;-6.73126491;-3.80143233
5051;-6.109748967;-4.410367369
5046;-5.615361131;-4.906719116
5041;-5.42502754;-5.234819649
5036;-5.375608277;-5.481847863
5031;-4.616129573;-4.206037924
5026;-3.12443162;-1.451133642
5021;-2.345704841;-0.025363002
5016;-1.921897652;0.738788949
5011;-1.726256914;1.128572795
5006;-4.30536202;-1.506947399
5001;-5.836138139;-3.051922096
4996;-6.646487945;-3.841960347
4991;-7.121486212;-4.281569124
4986;-7.296103085;-4.48352107
4981;-7.368321232;-4.593877771
4976;-7.480717303;-4.706542037
4971;-7.61025771;-4.818720994
4966;-7.295067607;-4.390269953
4961;-5.452322235;-2.131965811
4956;-4.480962478;-0.914595702
4951;-3.984177846;-0.264806635
4946;-3.707564877;0.121099555
4941;-4.897379398;-1.315114321
4936;-5.876517493;-2.487377632
4931;-6.381976441;-3.069380181
4926;-6.665665166;-3.375448736
4921;-7.047471566;-3.756330007
4916;-7.578263668;-4.276296615
4911;-7.903206024;-4.583937575
4906;-8.124937311;-4.785391967
4901;-8.297052072;-4.924056792
4896;-8.438168541;-4.520388899
4891;-8.568611169;-4.311841139
4886;-8.692986846;-4.237554408
4881;-8.812995473;-4.224696358
4876;-8.124621983;-5.076539775
4871;-7.281495413;-6.098632744
4866;-6.873136273;-6.671308521
4861;-6.672101099;-7.028058579
4856;-5.987309046;-6.61100657
4851;-3.380126831;-3.863771092
4846;-1.918625154;-2.394425957
4841;-1.08209116;-1.623170156
4836;-0.538193987;-1.17603026
4831;0.878692448;2.303998116
4826;2.033105598;5.102712537
4821;2.780846746;6.700056993
4816;3.333140024;7.728851215
4811;4.528341231;9.041432315
4806;6.400253027;10.76571811
4801;7.576364298;11.9199597
4796;8.401528761;12.78488357
4791;9.019568997;13.46165751
4786;7.887428092;12.07383259
4781;7.381395772;11.44683746
4776;7.305695609;11.34000102
4771;7.425816218;11.46997588
4766;6.789072095;10.05524005
4761;6.03116191;8.375412637
4756;5.747564287;7.611451521
4751;5.689139802;7.284002847
4746;5.043285484;6.743764466
4741;2.100534214;4.889938884
4736;0.519334547;3.886262251
4731;-0.319825961;3.344717336
4726;-0.812507798;3.020163069
4721;-1.940572437;1.952292915
4716;-2.8354182;1.097890708
4711;-3.396225673;0.580631074
4706;-3.795967997;0.225133582
4701;-3.321751167;0.239518499
4696;-2.024731925;0.580608358
4691;-1.422897508;0.681038242
4686;-1.164822178;0.664078123
4681;-1.071922949;0.597043116
4676;-1.398211939;0.57828184
4671;-1.617242074;0.522925669
4666;-1.755741554;0.446083998
4661;-1.856159494;0.360730828
4656;-1.92439275;0.11326186
4651;-1.980544316;-0.16417973
4646;-2.038779687;-0.353611199
4641;-2.097116874;-0.499653773
4636;-2.043511025;-0.69290151
4631;-1.61177109;-1.107855217
4626;-1.393826748;-1.382880014
4621;-1.291997331;-1.580607716
4616;-1.243632935;-1.740901674
4611;-2.167889176;-1.858943832
4606;-2.922672952;-1.970917628
4601;-3.336266968;-2.084888379
4596;-3.589090079;-2.198302502
4591;-3.410647732;-1.840468663
4586;-2.84583736;-1.018778943
4581;-2.583862478;-0.619475177
4576;-2.472030557;-0.429853049
4571;-2.408772244;-0.327890287
4566;-1.511192433;0.127025101
4561;-0.977086144;0.399910946
4556;-0.687356733;0.552933183
4551;-0.51189108;0.649424007
4546;-1.126172555;0.339985646
4541;-1.905399075;-0.054380318
4536;-2.298075499;-0.249998445
4531;-2.506283128;-0.350993025
4526;-2.232588696;-0.253140834
4521;-0.57362067;0.391646083
4516;0.336640614;0.745427987
4511;0.837099922;0.939719793
4506;1.146912352;1.059783561
4501;2.37038146;2.11888818
4496;3.358610233;2.975010193
4491;3.957622472;3.466271346
4486;4.371442345;3.784879205
4481;4.050144142;3.930658662
4476;3.048829293;3.946764731
4471;2.607994837;4.024002598
4466;2.444647105;4.130271823
4461;2.371847571;4.2077933
4456;0.790965132;2.555045524
4451;-0.131871105;1.601562647
4446;-0.612427511;1.122996657
4441;-0.886231275;0.86541766
4436;-0.546686929;1.389380898
4431;-0.062559443;2.090608971
4426;0.165277285;2.44771381
4421;0.271788467;2.64088552
4416;0.771170371;3.370377365
4411;2.765855466;6.140997879
4406;3.880627436;7.708574067
4401;4.515717244;8.619644383
4396;4.926839891;9.22346803
4391;5.324539426;9.789626863
4386;5.652281575;10.26243362
4381;5.918911144;10.65717989
4376;6.154190118;11.0110886
4371;6.062607171;11.24936332
4366;5.656063302;11.38204426
4361;5.522437734;11.58805586
4356;5.523140955;11.82766204
4351;5.539445442;11.9911801
4346;3.636557492;8.343379424
4341;2.530244874;6.232181409
4336;1.963299693;5.16552954
4331;1.648106447;4.585427191
4326;1.54580461;4.417271537
4321;1.518495161;4.393119787
4316;1.468668349;4.323443051
4311;1.409770626;4.234659936
4306;1.143570733;4.12675886
4301;0.18243225;3.973699001
4296;-0.379866173;3.848340617
4291;-0.723142957;3.739854491
4286;-0.962976468;3.640963165
4281;-1.116232766;3.806896592
4276;-1.250805715;3.927827794
4271;-1.384495817;3.95765673
4266;-1.515705571;3.945895093
4261;-1.971700431;3.176320873
4256;-2.746867747;1.671863998
4251;-3.222266734;0.833300919
4246;-3.546572334;0.327843753
4241;-3.757802022;0.001034006
4236;-2.172837132;0.705534537
4231;-1.278375548;1.062757385
4226;-0.856027262;1.178206767
4221;-0.65239316;1.183309404
4216;-0.795199903;1.278859214
4211;-1.031855707;1.378871494
4206;-1.158206562;1.393451096
4201;-1.232063047;1.36799428
4196;-1.213659356;1.205104703
4191;-0.952585476;0.629042214
4186;-0.818512526;0.281272616
4181;-0.754084991;0.058938735
4176;-0.721997239;-0.104344903
4171;-0.125123855;0.448850724
4166;0.353767531;0.885227046
4161;0.617002643;1.078083707
4156;0.778419391;1.15735476
4151;0.947153766;1.805983689
4146;1.146932821;3.041600135
4141;1.284536433;3.703491265
4136;1.39042495;4.07924673
4131;1.44603405;4.295807782
4126;0.011153328;3.362565036
4121;-0.831254583;2.83507718
4116;-1.269985572;2.588798092
4111;-1.520706602;2.472228578
4106;-1.802121319;0.409352049
4101;-2.063663957;-2.004138581
4096;-2.239542803;-3.314517584
4091;-2.373225802;-4.095904163
4086;-2.02094783;-3.879505613
4081;-0.079911588;-1.000153535
4076;0.96652668;0.48644336
4071;1.524880943;1.211651561
4066;1.856346806;1.585263166
4061;2.967322021;2.897575416
4056;3.857430559;3.92218384
4051;4.397303589;4.506173413
4046;4.770235039;4.881069356
4041;4.458043658;3.929015654
4036;3.510696574;1.720788381
4031;3.088310982;0.596174602
4026;2.925764177;0.010389381
4021;2.86093109;-0.367518019
4016;1.941314053;-2.414073528
4011;1.413147077;-3.684726767
4006;1.146034668;-4.43703132
4001;1.00087065;-4.944980401
3996;1.38179707;-4.01246593
3991;1.87884579;-2.771868154
3986;2.135171296;-2.219162632
3981;2.276857147;-1.992972028
3976;2.383923726;-1.579605577
3971;2.528283545;-0.092194475
3966;2.62536966;0.710317305
3961;2.697186024;1.141121284
3956;2.75680932;1.398214519
3951;2.517092433;0.210283338
3946;2.33001942;-0.758098259
3941;2.24815126;-1.249347261
3936;2.215453331;-1.51763629
3931;2.35974952;-1.320379489
3926;2.666389479;-0.718305674
3921;2.838676745;-0.420497719
3916;2.9438962;-0.27442238
3911;3.005464499;-0.213633172
3906;2.517831598;-0.83821953
3901;2.238318657;-1.21544885
3896;2.101724675;-1.421320671
3891;2.031613275;-1.547499165
3886;1.575764518;-2.166935947
3881;1.056162245;-2.86860529
3876;0.770432062;-3.27312526
3871;0.597196349;-3.53470148
3866;0.424789966;-3.547044716
3861;0.100746921;-2.909958158
3856;-0.108571051;-2.608065144
3851;-0.255072714;-2.489110987
3846;-0.371112573;-2.454161234
3841;0.925558316;-0.916807145
3836;1.964028376;0.308546651
3831;2.496869263;0.962189022
3826;2.792586815;1.346452846
3821;3.56902175;1.763070828
3816;4.874258353;2.27479065
3811;5.61886988;2.611431235
3806;6.083120993;2.859234944
3801;6.375588066;3.044989226
3796;4.909840419;2.424029427
3791;4.093945355;2.105875711
3786;3.724914669;1.994506198
3781;3.562327884;1.977769018
3776;2.205423508;0.034271046
3771;0.649690468;-2.261510923
3766;-0.184291459;-3.478672093
3761;-0.672056255;-4.1792544
3756;-0.869211478;-4.493395021
3751;-0.553800605;-4.200671031
3746;-0.446785567;-4.130869714
3741;-0.45386363;-4.183791656
3736;-0.511521927;-4.290615012
3731;0.499475126;-2.781968039
3726;1.293784618;-1.594526451
3721;1.686777901;-1.008218882
3716;1.891847339;-0.703606963
3711;2.023532983;-0.358900536
3706;2.127649547;0.091978645
3701;2.199026999;0.357539181
3696;2.253879511;0.530148465
3691;2.28201521;0.677546467
3686;1.521176342;1.644832724
3681;1.073686722;2.260434263
3676;0.839681108;2.637572779
3671;0.705077185;2.901746131
3666;-0.068918292;1.8935185
3661;-0.949915883;0.627865611
3656;-1.44695537;0.008717143
3651;-1.759255943;-0.302408353
3646;-2.053319507;-0.814592627
3641;-2.539220678;-2.425564402
3636;-2.869245364;-3.338881998
3631;-3.113826542;-3.872639319
3626;-3.316589458;-4.228207425
3621;-1.807947343;-2.75263995
3616;-0.609710168;-1.567668969
3611;-0.021612549;-0.998229567
3606;0.280821739;-0.716276996
3601;0.665416031;-0.535314859
3596;1.198580022;-0.385262081
3591;1.506912981;-0.293966657
3586;1.702741278;-0.231958777
3581;1.808000204;-0.210575706
3576;0.304293691;-1.317665825
3571;-0.575612745;-1.977332245
3566;-1.029102982;-2.332009741
3561;-1.284426172;-2.544610984
3556;0.43689404;-2.051003358
3551;2.557597825;-1.40475707
3546;3.676136254;-1.09003077
3541;4.315044727;-0.933368393
3536;4.536966446;-1.124950347
3531;3.996639698;-2.284455968
3526;3.777942151;-2.927100056
3521;3.736026374;-3.286585255
3516;3.77369993;-3.514322136
3511;2.887978071;-4.184308983
3506;2.200240132;-4.727783859
3501;1.868830441;-5.071368477
3496;1.704298684;-5.319485568
3491;1.836728035;-5.436851515
3486;2.221564179;-5.447598288
3481;2.425872865;-5.52198709
3476;2.540231697;-5.626727145
3471;2.604951189;-5.740054301
3466;2.296570668;-5.689993672
3461;2.121653332;-5.708412264
3456;2.039349818;-5.772160489
3451;2.000106928;-5.856049257
3446;2.205566596;-4.911551499
3441;2.462960066;-3.774731717
3436;2.603021796;-3.202200484
3431;2.687018539;-2.899588192
3426;2.497344961;-2.433917137
3421;1.455116085;-1.047602729
3416;0.8868118;-0.250993737
3411;0.577628927;0.224155054
3406;0.389211551;0.547622751
3401;0.239670629;0.401446368
3396;0.121537254;0.293657943
3391;0.024478443;0.310364359
3386;-0.061387724;0.382997574
3381;-0.182616204;0.460548231
3376;-0.340794784;0.52880918
3371;-0.458102795;0.616806823
3366;-0.554105594;0.713110277
3361;-0.610102661;0.814819321
3356;0.592040876;1.040668922
3351;1.293249536;1.215219102
3346;1.653343988;1.353952326
3341;1.8546841;1.47483366
3336;3.443696516;3.210030683
3331;5.272885653;5.245829394
3326;6.289992638;6.395410319
3321;6.916856555;7.118934567
3316;7.050335719;7.670228389
3311;6.044524843;8.221082036
3306;5.592973771;8.666395695
3301;5.444060521;9.053590869
3296;5.432949901;9.409430793
3291;3.619866606;5.688298615
3286;2.190506535;2.729206808
3281;1.454867654;1.244289549
3276;1.045323449;0.45063337
3271;0.61513049;0.67000206
3266;0.087710561;1.721868439
3261;-0.246283978;2.224221235
3256;-0.482566403;2.453730348
3251;-0.694029253;2.543223239
3246;-1.872039112;1.890042809
3241;-2.636578734;1.488012293
3236;-3.120262;1.262923767
3231;-3.470498349;1.120900352
3226;-4.107303053;-0.12074207
3221;-4.777030953;-1.557676545
3216;-5.237098412;-2.365294545
3211;-5.593926296;-2.870123517
3206;-5.671476766;-2.742458496
3201;-4.947860778;-0.884231833
3196;-4.650601972;0.061193203
3191;-4.584504592;0.508324382
3186;-4.623515202;0.725769774
3181;-5.274781475;-0.24017615
3176;-5.839079307;-1.050470607
3171;-6.20558399;-1.490961127
3166;-6.477927208;-1.757785562
3161;-6.209593217;-1.46497261
3156;-5.43123845;-0.662760386
3151;-5.088413892;-0.273770785
3146;-4.96152248;-0.090259322
3141;-4.904462986;0.026473198
3136;-3.6293737;1.302840869
3131;-2.884994816;2.073105036
3126;-2.497578107;2.502689929
3121;-2.277200609;2.772456347
3116;-2.000338737;1.868686401
3111;-1.736343318;0.72061203
3106;-1.565529119;0.149627511
3101;-1.440749918;-0.146285066
3096;-1.506640668;-0.475737514
3091;-2.153692614;-1.291087499
3086;-2.483000192;-1.766100429
3081;-2.639485023;-2.056481745
3076;-2.716479394;-2.259680076
3071;-2.469488973;-1.018343217
3066;-2.260280264;-0.02322152
3061;-2.148062178;0.470962987
3056;-2.081464331;0.730675758
3051;-2.040551037;-0.267346315
3046;-2.014180757;-2.446511555
3041;-1.989149571;-3.611734073
3036;-1.965044975;-4.2711698
3031;-1.944191211;-4.647744068
3026;-2.027712375;-2.876926775
3021;-2.070176284;-1.871832539
3016;-2.084844078;-1.397166826
3011;-2.08680416;-1.167926189
3006;-3.052557612;-2.189554417
3001;-4.198592008;-3.47887331
2996;-4.816655982;-4.175607328
2991;-5.18163511;-4.588607104
2986;-5.224086864;-4.686270383
2981;-4.517594503;-4.099942004
2976;-4.177804464;-3.836913817
2971;-4.038647636;-3.751057094
2966;-3.991336055;-3.746076848
2961;-3.973798475;-4.424512412
2956;-3.977798717;-4.99610682
2951;-3.995038761;-5.338652717
2946;-4.018347323;-5.572921126
2941;-3.765193882;-5.632928758
2936;-3.23866037;-5.546824946
2931;-2.964988123;-5.558783921
2926;-2.817348817;-5.618719057
2921;-2.732100277;-5.660665858
2916;-2.830377558;-4.029560717
2911;-2.879632765;-3.079797835
2906;-2.893259698;-2.592695405
2901;-2.89086614;-2.321402192
2896;-4.027953405;-4.649797757
2891;-5.378308494;-7.498185554
2886;-6.104515875;-9.013477041
2881;-6.531654469;-9.890918194
2876;-6.634329806;-10.00027809
2871;-6.044050353;-8.371193673
2866;-5.777601587;-7.583999624
2861;-5.688468663;-7.258234967
2856;-5.680006442;-7.14409232
2851;-5.218514675;-6.254526535
2846;-4.866699275;-5.57626993
2841;-4.700871975;-5.237784493
2836;-4.622191301;-5.059315512
2831;-5.034084671;-5.551034287
2826;-5.907683771;-6.664083582
2821;-6.383645703;-7.257406135
2816;-6.661205263;-7.592014455
2811;-6.860532512;-7.878943134
2806;-7.628754329;-11.21420012
2801;-8.128228018;-13.27072849
2796;-8.448029907;-14.46098163
2791;-8.682539449;-15.24480072
2786;-8.494051939;-14.50801233
2781;-8.212382596;-13.42573467
2776;-8.126261892;-13.01510796
2771;-8.132253978;-12.92202665
2766;-7.576336191;-11.80655673
2761;-4.991316603;-6.797905368
2756;-3.583839284;-4.079380171
2751;-2.818517898;-2.608771966
2746;-2.352628796;-1.720199436
2741;-0.11996599;0.658024115
2736;1.679143699;2.564522588
2731;2.744844311;3.756180388
2726;3.461910767;4.605021082
2721;3.886310862;5.112350118
2716;4.103725623;5.362290055
2711;4.390258293;5.722236933
2706;4.707331833;6.131287709
2701;5.042749904;6.555019607
2696;5.768762835;6.917437381
2691;6.333294064;7.300531884
2686;6.785013065;7.693691349
2681;7.180501493;8.086843079
2676;7.375530824;7.342920507
2671;7.520854121;6.379147597
2666;7.747215883;6.023976437
2661;8.009209996;5.956918184
2656;7.955464588;5.875307944
2651;6.78804067;5.358074323
2646;6.257863386;5.150758981
2641;6.073490113;5.109780632
2636;6.048318397;5.145641865
2631;4.931808045;3.129062833
2626;4.071697148;1.527541138
2621;3.653321209;0.697010349
2616;3.443016692;0.22960547
2611;3.624479097;1.750223519
2606;4.142159708;5.140264212
2601;4.417728182;6.928338425
2596;4.573310578;7.918553573
2591;4.645044451;8.484403861
2586;3.436321673;6.552901631
2581;2.722352971;5.472887511
2576;2.347931782;4.987360043
2571;2.132448595;4.776460915
2566;1.191626251;3.249908994
2561;0.136593282;1.510421089
2556;-0.464440895;0.582757642
2551;-0.846235745;0.044653711
2546;-1.322338586;-0.419651969
2541;-2.421176735;-1.166754645
2536;-3.107539567;-1.656924728
2531;-3.567682668;-2.006852674
2526;-3.919308527;-2.288073572
2521;-3.512283135;-2.526946187
2516;-3.210797825;-2.747224587
2511;-3.149790661;-2.957547146
2506;-3.198774554;-3.160262783
2501;-3.223849321;-3.182479279
2496;-3.19831358;-3.027892336
2491;-3.246378827;-3.025839646
2486;-3.329402182;-3.097804059
2481;-3.413620729;-3.16673138
2476;-2.914081169;-1.721796542
2471;-2.653685643;-0.897474341
2466;-2.554752563;-0.493542494
2461;-2.530291347;-0.285089869
2456;-2.431397969;-0.990212379
2451;-2.327697262;-1.893821478
2446;-2.290144456;-2.371849377
2441;-2.284051071;-2.646557715
2436;-2.546409445;-3.089670505
2431;-3.677075225;-4.379969471
2426;-4.318713193;-5.138888176
2421;-4.692859368;-5.608071449
2416;-4.941962248;-5.94077743
2411;-5.106862736;-5.498887448
2406;-5.247018551;-5.158942161
2401;-5.380667778;-5.059920967
2396;-5.509587785;-5.071998905
2391;-5.775405813;-6.010780732
2386;-6.176320527;-7.833820286
2381;-6.447046086;-8.873451066
2376;-6.651580111;-9.521004508
2371;-6.822795068;-9.995687261
2366;-6.928988136;-10.86490852
2361;-7.045448798;-11.49448067
2356;-7.169365222;-11.9669152
2351;-7.295312448;-12.36247115
2346;-5.794214581;-9.417850508
2341;-3.984913061;-5.828774262
2336;-3.057707207;-4.019693083
2331;-2.55238005;-3.061065771
2326;-1.45100826;-1.591324496
2321;2.246868471;2.768000143
2316;4.361938395;5.277834058
2311;5.613371134;6.7800343
2306;6.458995924;7.807346952
2301;9.072906326;11.9166821
2296;11.21438155;15.27804067
2291;12.58565127;17.36575661
2286;13.58768519;18.84513945
2281;13.96893987;17.90646817
2276;13.8241622;14.72992067
2271;14.02665013;13.39237497
2266;14.39604205;12.96362622
2261;14.793037;12.88800515
2256;13.37175255;10.3781901
2251;12.70147557;9.010110742
2246;12.53633796;8.399308883
2241;12.60298384;8.140745875
2236;11.04037169;5.837234899
2231;9.197988825;3.195083995
2226;8.318860156;1.791490013
2221;7.900057336;0.982771665
2216;7.355416685;0.789947997
2211;5.757693532;1.872092027
2206;4.869353879;2.371990731
2201;4.366881484;2.553552629
2196;4.046691745;2.591244236
2191;2.946140151;2.475911013
2186;2.056202768;2.349610098
2181;1.508285391;2.244295846
2176;1.124711511;2.150232798
2171;0.87042059;2.286645722
2166;0.70577823;2.647595262
2161;0.520175904;2.809259274
2156;0.327113894;2.872552879
2151;0.153783274;2.899881884
2146;0.832205812;3.289474046
2141;1.172917546;3.515672434
2136;1.285356842;3.632820074
2131;1.293511596;3.699214345
2126;1.296884006;3.433588201
2121;1.287470368;3.098536572
2116;1.246429492;2.925502432
2111;1.191217278;2.829982669
2106;0.969219039;2.546182611
2101;0.198954535;1.518098443
2096;-0.25931591;0.933540027
2091;-0.546339853;0.591157317
2086;-0.752597303;0.362415029
2081;-0.155199205;0.055915664
2076;0.316252553;-0.198132128
2071;0.519288984;-0.389290523
2066;0.597506183;-0.549109325
2061;0.902053789;0.433173691
2056;1.459109795;2.531774495
2051;1.747717658;3.618296984
2046;1.902848939;4.201027268
2041;1.973592235;4.544377825
2036;1.064476676;4.553608237
2031;0.523904758;4.599092223
2026;0.236779301;4.67842299
2021;0.067616171;4.771336719
2016;-0.414859646;4.18041422
2011;-0.940318101;3.46014762
2006;-1.252207511;3.112693112
2001;-1.460917701;2.942755721
1996;-1.892813006;2.632976245
1991;-3.224711969;1.608595317
1986;-4.015558182;1.032721284
1981;-4.510312808;0.700937316
1976;-4.865326096;0.4836495
1971;-3.387963185;0.996879433
1966;-2.212944531;1.408393173
1961;-1.664063919;1.587314595
1956;-1.407514911;1.658205501
1951;-1.289204528;1.268731866
1946;-1.237173911;0.452483124
1941;-1.212313237;-0.002496052
1936;-1.200766713;-0.276758294
1931;-1.196519083;-0.41744996
1926;-1.213792672;1.589943432
1921;-1.226149391;2.768001915
1916;-1.235060913;3.378197676
1911;-1.242673246;3.723990045
1906;-1.938799479;3.029503871
1901;-2.76485889;2.102817003
1896;-3.216731036;1.644535748
1891;-3.489297442;1.409315252
1886;-3.128973872;1.653131676
1881;-0.86573171;3.221458922
1876;0.35369553;4.083375379
1871;1.002586609;4.558079897
1866;1.386248116;4.852454764
1861;1.038197082;5.219451574
1856;0.745480418;5.514722397
1851;0.64388619;5.730856878
1846;0.630045606;5.907824061
1841;0.419552641;5.516475553
1836;-0.005717037;4.574799095
1831;-0.210728421;4.121611989
1826;-0.306799164;3.910721145
1821;-0.293164721;3.849057939
1816;2.301311177;5.454091461
1811;3.875834261;6.432640646
1806;4.753379659;6.979574656
1801;5.304888122;7.324873575
1796;4.444097302;6.767136729
1791;3.270818819;6.010769969
1786;2.742548757;5.669732049
1781;2.520493053;5.526016341
1776;1.965961226;4.455744669
1771;-0.128176636;-0.023966331
1766;-1.276101116;-2.512826682
1761;-1.909435912;-3.91541516
1756;-2.302368203;-4.810460748
1751;-2.35249425;-5.260355187
1746;-2.390197184;-5.630432306
1741;-2.482412185;-6.013137427
1736;-2.597679637;-6.395822159
1731;-2.354043402;-6.399350785
1726;-1.751185155;-6.027939013
1721;-1.479669499;-5.986147397
1716;-1.372003872;-6.104924487
1711;-1.302284798;-6.192181267
1706;0.335639593;-1.891778446
1701;1.311374176;0.615751895
1696;1.839489833;1.906677977
1691;2.158139571;2.630280033
1686;2.749117372;3.202607827
1681;3.36184435;3.668396049
1676;3.747998385;4.007276572
1671;4.023642463;4.281679548
1666;3.589385647;3.895759595
1661;0.901241327;1.365545185
1656;-0.530574702;0.035951463
1651;-1.277104781;-0.639928974
1646;-1.70570028;-1.013448817
1641;-2.118962205;-1.576708345
1636;-2.435072635;-2.009891237
1631;-2.66645707;-2.289355331
1626;-2.855730513;-2.49496472
1621;-2.527005957;-2.228721164
1616;-1.69810192;-1.515420102
1611;-1.310120201;-1.185858136
1606;-1.140660529;-1.046646716
1601;-1.091943689;-0.999245006
1596;-1.957839055;-1.171006725
1591;-2.495722855;-1.290036314
1586;-2.805766969;-1.369371382
1581;-3.009475461;-1.430475201
1576;-3.685001104;-2.949595482
1571;-4.434657927;-4.741400868
1566;-4.88831258;-5.734545621
1561;-5.199109836;-6.344692184
1556;-5.17265812;-6.311476248
1551;-4.198959812;-4.618290701
1546;-3.729507142;-3.780459808
1541;-3.535040355;-3.410276228
1536;-3.467230577;-3.255586781
1531;-1.24727535;-2.70131265
1526;0.523314013;-2.289176828
1521;1.472625309;-2.082081492
1516;2.03470287;-1.972187808
1511;2.665772942;-0.856899971
1506;3.455551896;1.269679463
1501;3.972692244;2.433110838
1496;4.35145454;3.114989237
1491;4.599696485;3.523434436
1486;2.132202967;1.796887651
1481;0.724626759;0.831819675
1476;0.039828009;0.393037235
1471;-0.31009261;0.196546219
1466;-0.477917831;0.18654725
1461;-0.567668575;0.24175064
1456;-0.636884252;0.279338406
1451;-0.695592669;0.307990205
1446;-1.027982957;-0.057077224
1441;-2.305464888;-1.745603454
1436;-3.038766262;-2.681104633
1431;-3.47440473;-3.205540583
1426;-3.77056263;-3.538458266
1421;-3.333554001;-3.122462007
1416;-2.990695919;-2.788080339
1411;-2.874046843;-2.671877003
1406;-2.862132888;-2.656696287
1401;-2.245480461;-1.67525943
1396;-1.008941155;0.280624183
1391;-0.371974287;1.311775509
1386;-0.033663051;1.881891447
1381;0.186134559;2.179163169
1376;1.23937673;-0.094734155
1371;1.897097227;-1.424614243
1366;2.290561965;-2.103635991
1361;2.558605974;-2.481022358
1356;3.141910503;-2.482907494
1351;3.765021297;-2.374361363
1346;4.166480301;-2.36182563
1341;4.45928547;-2.394476299
1336;4.259619172;-2.424660114
1331;2.542086908;-2.387163865
1326;1.659793204;-2.396969312
1321;1.232307429;-2.432029762
1316;1.014631049;-2.478658003
1311;0.624758663;-3.033850139
1306;0.331975898;-3.495443734
1301;0.159561666;-3.774215331
1296;0.04431992;-3.966867982
1291;1.348782351;-2.017347832
1286;4.035886263;2.018373062
1281;5.470733976;4.16329974
1276;6.280934614;5.3649499
1271;6.818136378;6.12328829
1266;8.018953457;6.549698481
1261;8.827339621;6.921347711
1256;9.37899409;7.271769848
1251;9.806516299;7.606372464
1246;10.06742246;8.351296063
1241;10.27499055;9.165057133
1236;10.51906458;9.73916193
1231;10.77669115;10.19419833
1226;10.31682996;9.728451017
1221;7.41172047;6.308806171
1216;5.897578974;4.538350278
1211;5.140649265;3.666206958
1206;4.734477544;3.209603086
1201;2.651613298;0.394042782
1196;0.998150406;-1.842451925
1191;0.055995837;-3.100919727
1186;-0.549269003;-3.896833535
1181;-1.086157466;-4.316856423
1176;-1.634462538;-4.475443431
1171;-2.058718623;-4.720087942
1166;-2.418351733;-5.004314669
1161;-2.698841415;-5.263814805
1156;-1.014082116;-3.869289931
1151;-0.101285868;-3.140184205
1146;0.286117548;-2.861706038
1141;0.430522037;-2.791227993
1136;1.186308441;-2.361960327
1131;2.026076949;-1.89132723
1126;2.447600336;-1.688407412
1121;2.668309816;-1.613710338
1116;2.588145192;-1.512554583
1111;1.762368229;-1.146300724
1106;1.312959684;-0.962428331
1101;1.069183582;-0.877965525
1096;0.919739454;-0.840773933
1091;0.105950825;-1.57031437
1086;-0.552792466;-2.169955701
1081;-0.943556161;-2.504555492
1076;-1.208101887;-2.715354884
1071;-1.41687797;-2.76513301
1066;-1.600524246;-2.686055261
1061;-1.766480698;-2.688023728
1056;-1.923052616;-2.730524262
1051;-2.07357734;-2.776812026
1046;-2.189000169;-2.191856965
1041;-2.314957838;-1.869070576
1036;-2.447927153;-1.724153539
1031;-2.583599128;-1.662682483
1026;-2.757015014;-1.166526939
1021;-2.937342073;-0.600509884
1016;-3.097179155;-0.302581231
1011;-3.246870318;-0.13422443
1006;-3.36666095;-0.031778583
1001;-3.399436786;0.026128914
996;-3.478837933;0.075597191
991;-3.583562235;0.11980483
986;-3.699873215;0.15970145
981;-3.761212746;-1.402981915
976;-3.83649803;-2.663876017
971;-3.934963108;-3.343381816
966;-4.04437195;-3.750402454
961;-4.028247087;-4.411246203
956;-3.886142297;-5.38626799
951;-3.86362376;-5.987636769
946;-3.900926383;-6.402131195
941;-3.946207545;-6.68680013
936;-3.136809783;-5.154712183
931;-2.684421604;-4.315196165
926;-2.474348885;-3.950209312
921;-2.378281824;-3.80544129
916;-1.108443186;-1.809589983
911;0.365862096;0.506023074
906;1.158192069;1.736129497
901;1.621893941;2.444772612
896;2.217938648;2.824620348
891;3.715202375;2.803261789
886;4.614169606;2.882249589
881;5.185331651;3.015794889
876;5.599480439;3.170014227
871;4.189142518;1.601801184
866;3.07048004;0.362297256
861;2.565725411;-0.24937628
856;2.345488178;-0.568353412
851;1.819737443;-0.890452889
846;0.924899865;-1.285620511
841;0.449448685;-1.526756074
836;0.181394518;-1.691777808
831;-0.034355537;-1.850951484
826;-2.081362984;-3.276944283
821;-3.351137174;-4.177188253
816;-4.095820422;-4.720842466
811;-4.594719626;-5.097495863
806;-5.294859074;-4.973151834
801;-5.998316495;-4.730695853
796;-6.500436649;-4.697826128
791;-6.904037619;-4.764047031
786;-7.133964817;-4.950911833
781;-6.913423968;-5.414900512
776;-6.921942598;-5.741439446
771;-7.054560284;-5.99197419
766;-7.243180116;-6.206889937
761;-6.600388223;-5.236994455
756;-6.131768329;-4.481543028
751;-5.980517177;-4.148557739
746;-5.978198183;-4.014174142
741;-6.239037944;-3.433597371
736;-6.72345703;-2.367503698
731;-7.049246872;-1.811572422
726;-7.296315084;-1.511168831
721;-7.485677052;-1.342357742
716;-6.720093782;-1.685999765
711;-6.325482194;-1.877650124
706;-6.185314291;-1.962210214
701;-6.164378266;-1.999517945
696;-6.059998306;-2.363098681
691;-5.957052331;-2.784689686
686;-5.94476316;-3.016659083
681;-5.97733727;-3.15937867
676;-6.064570615;-3.20206118
671;-6.273015554;-3.02405241
666;-6.4265703;-2.95438787
661;-6.551171408;-2.945274997
656;-6.663806713;-2.965218225
651;-3.883182649;-1.737627201
646;-1.653297654;-0.758941872
641;-0.480503555;-0.246638502
636;0.193011387;0.044703642
631;0.946923446;0.457813111
626;1.896568036;1.041991833
621;2.500086886;1.393334062
616;2.926928141;1.626141257
611;3.247955504;1.833149718
606;2.762943343;3.416198329
601;2.555946751;4.414313057
596;2.53865521;5.014445396
591;2.604792293;5.425131868
586;0.928364541;3.706037223
581;-1.070940697;1.554769731
576;-2.102385853;0.483334849
571;-2.673101885;-0.074622833
566;-3.092589514;-0.688825564
561;-3.621741123;-2.186265118
556;-3.984612788;-3.06511376
551;-4.259637871;-3.609585883
546;-4.493040932;-3.997442217
541;-2.434170137;-0.676028652
536;-0.799064063;1.988290358
531;0.010407345;3.342738727
526;0.431086969;4.081526321
521;1.427735195;4.316522991
516;3.081952595;4.201084352
511;4.004694715;4.210757521
506;4.55992888;4.280065584
501;4.993922133;4.452504055
496;7.678816014;8.074998366
491;9.374708506;10.30903253
486;10.40127297;11.59408977
481;11.10929684;12.43196944
476;11.50045901;13.01446963
471;11.78070829;13.4818065
466;12.10308878;13.91357512
461;12.43858624;14.321505
456;12.40041185;14.16471587
451;11.09078919;12.13842429
446;10.4938519;11.15802369
441;10.28116445;10.74419877
436;10.24233673;10.58941267
431;9.183812752;10.42763034
426;8.367737176;10.3427639
421;7.965443907;10.32681581
416;7.755441987;10.34179861
411;7.462595594;9.527547188
406;7.04180772;7.889741189
401;6.79312114;7.014309527
396;6.628829213;6.517804046
391;6.455656859;6.132767094
386;4.264669848;3.070964705
381;2.901303264;1.160705113
376;2.099325206;0.027391451
371;1.559160469;-0.741518899
366;0.647762732;-0.529830363
361;-0.297856895;-0.081021567
356;-0.945667588;-0.027271349
351;-1.449344596;-0.15946119
346;-2.201472384;-0.757818746
341;-3.996567966;-2.691582583
336;-5.158191905;-3.899696829
331;-5.973246595;-4.709064252
326;-6.624718159;-5.33130621
321;-5.635448392;-5.961730913
316;-4.904093308;-6.528616588
311;-4.721742468;-7.035707308
306;-4.795241606;-7.511799756
301;-4.309978209;-7.395850833
296;-3.214250115;-6.704016428
291;-2.756359658;-6.524590155
286;-2.616549034;-6.598900805
281;-2.621836212;-6.78253155
276;-2.515932168;-6.70674258
271;-2.520052326;-6.78239889
266;-2.59406286;-6.956018678
261;-2.703361403;-7.175697956
256;-3.157817528;-7.07090718
251;-3.685237895;-6.911642698
246;-4.0432852;-6.946335427
241;-4.322388093;-7.074575549