AICC-C14Be;C14Be 
229.4151136;-2.83706
234.883142;-2.62034
239.8319792;-2.37826
244.7335833;-2.0851
249.92875;-1.68158
255.26625;-1.15979
260.3813542;-0.743062
265.2740625;-0.528248
270.1667708;-0.525222
275.0594792;-0.880242
279.9567083;-1.3087
285.003125;-1.31055
290.121875;-0.836374
295.240625;-0.572008
300.359375;-0.772408
305.478125;-1.09762
310.596875;-1.32827
315.715625;-1.44062
320.834375;-1.42677
325.953125;-1.22545
330.9348846;-1.01256
335.3534615;-0.847403
339.7111538;-0.741823
344.2504167;-0.695823
348.97125;-0.733117
353.6267179;-0.703496
358.0134615;-0.498251
362.3711538;-0.143077
366.9104167;0.154502
371.63125;0.360888
376.3491987;0.468175
381.0552885;0.399284
385.7600962;0.1977
390.4649038;0.0946664
395.1697115;0.173197
399.8745192;0.372023
404.5793269;0.708935
409.2841346;1.21161
413.9889423;1.65669
418.69375;1.97503
423.4083846;2.17846
428.4473077;2.28084
433.6434615;2.22683
438.8396154;2.16662
444.0357692;2.15757
449.2319231;2.20556
454.4280769;2.30272
459.6242308;2.49054
464.7906923;2.70776
469.6825;2.92868
474.5075;3.13554
479.5062692;3.20181
485.2194231;2.9931
491.0098077;2.53118
496.5933929;2.05715
501.9701786;1.56511
507.3469643;1.15188
512.72375;0.93408
518.1005357;1.00659
523.5104093;1.09072
529.2263462;1.06987
535.0167308;0.902524
540.6193352;0.602533
545.8346429;0.0572336
551.0382143;-0.549562
556.2417857;-0.905574
561.4453571;-0.828968
566.6489286;-0.556916
571.8525;-0.178356
577.0560714;0.364028
582.2596429;0.864691
587.4632143;1.21888
592.6667857;1.38311
597.847375;1.43842
602.9334821;1.30773
608.009375;1.02069
612.9769821;0.780878
617.72125;0.633747
622.45875;0.567441
627.3045357;0.495
632.3736607;0.410493
637.4495536;0.321829
642.5254464;0.252727
647.6013393;0.209116
652.684031;0.151471
657.9910833;0.0382852
663.4069167;-0.177874
668.82275;-0.390278
674.2385833;-0.500101
679.6544167;-0.438169
685.0739851;-0.342829
690.6168103;-0.318835
696.2193966;-0.419547
701.8219828;-0.530331
707.424569;-0.562247
713.0271552;-0.467855
718.5934011;-0.351911
723.8235;-0.242078
728.9718333;-0.136384
734.1201667;-0.0545887
739.2685;-0.0223864
744.4168333;-0.0615164
749.5651667;-0.12059
754.7135;-0.189724
759.8618333;-0.278798
765.0101667;-0.38386
770.1585;-0.518745
775.3068333;-0.705189
780.4651;-0.881923
785.71525;-1.02523
790.98775;-1.11929
796.26025;-1.15226
801.53275;-1.08064
806.80525;-0.851065
812.0513875;-0.657237
817.0536719;-0.611806
821.9966406;-0.787902
826.9462;-0.972063
832.11325;-1.08523
837.38575;-1.07998
842.6538938;-1.00966
847.7782812;-0.884161
852.8329687;-0.659994
857.8876562;-0.428077
863.1108333;-0.259561
868.5025;-0.207808
873.8941667;-0.225384
879.1173437;-0.23916
884.1720312;-0.247157
889.2267187;-0.229608
894.2814062;-0.137104
899.3360937;0.101511
904.3907812;0.452637
909.4495469;0.716653
914.5250781;0.81055
919.6024219;0.704683
924.6797656;0.610531
929.7571094;0.583438
934.8344531;0.657004
939.9117969;0.686949
944.9891406;0.580379
950.0664844;0.232545
955.1438281;-0.178671
960.2211719;-0.542589
965.2985156;-0.831536
970.3758594;-1.04946
975.5067031;-1.2023
980.7478906;-1.23866
985.9924219;-1.16249
991.2369531;-1.05878
996.4814844;-0.899862
1001.726016;-0.675847
1006.970547;-0.455912
1012.215078;-0.251914
1017.459609;-0.0697821
1022.697971;0.0766493
1027.732721;0.155758
1032.66875;0.112205
1037.604779;-0.00262183
1042.647529;-0.107687
1047.910391;-0.195084
1053.179922;-0.268764
1058.393658;-0.338609
1063.378015;-0.404619
1068.337574;-0.468768
1073.303332;-0.527103
1078.473672;-0.577647
1083.743203;-0.616445
1089.012734;-0.635591
1094.167169;-0.61532
1099.206507;-0.518079
1104.245846;-0.359678
1109.285184;-0.238939
1114.324522;-0.191436
1119.36386;-0.254723
1124.411193;-0.327998
1129.722344;-0.373707
1135.161406;-0.376041
1140.600469;-0.37848
1145.879559;-0.416598
1150.998676;-0.529922
1156.117794;-0.706597
1161.236912;-0.865582
1166.356029;-0.991069
1171.475147;-1.0712
1176.601147;-1.1198
1181.954265;-1.13095
1187.4175;-1.06907
1192.880735;-0.947984
1198.343971;-0.775612
1203.807206;-0.502536
1209.270441;-0.09713
1214.709395;0.318064
1219.92375;0.745025
1225.083472;1.2134
1230.243194;1.63227
1235.500041;1.91073
1240.957206;1.92622
1246.420441;1.62935
1251.888324;1.37588
1257.399191;1.26066
1262.920515;1.39242
1268.441838;1.53793
1273.963162;1.49954
1279.484485;1.10135
1285.005809;0.39476
1290.471919;-0.222979
1295.711042;-0.674778
1300.925625;-0.879601
1306.140208;-0.989636
1311.508162;-1.0029
1317.029485;-0.824537
1322.550809;-0.494061
1327.944919;-0.248651
1332.816042;-0.167364
1337.630625;-0.335186
1342.445208;-0.528777
1347.401397;-0.673033
1352.499191;-0.728423
1357.596985;-0.690993
1362.643801;-0.600273
1367.481042;-0.40685
1372.295625;-0.0553835
1377.110208;0.262413
1381.924792;0.445739
1386.739375;0.372057
1391.553958;0.0690378
1396.404493;-0.216263
1401.587574;-0.473961
1406.851544;-0.68429
1412.115515;-0.847255
1417.233264;-0.92925
1422.204792;-0.8611
1427.176319;-0.65664
1432.147847;-0.460149
1437.119375;-0.275582
1442.090903;-0.108867
1447.062431;0.0281389
1452.033958;0.119625
1457.005486;0.118156
1461.977014;0.00989783
1466.955375;-0.0588915
1472.159236;-0.0269418
1477.472431;0.194688
1482.785625;0.493342
1488.098819;0.671372
1493.412014;0.622054
1498.725208;0.228778
1504.038403;-0.180368
1509.351597;-0.482841
1514.664792;-0.585747
1519.977986;-0.518733
1525.291181;-0.495255
1530.604375;-0.570654
1535.917569;-0.818056
1541.230764;-1.09714
1546.627069;-1.30314
1552.194792;-1.37677
1557.767708;-1.2864
1563.334759;-1.15261
1568.708224;-0.955619
1573.987829;-0.630209
1579.267434;-0.209976
1584.570504;0.107431
1590.090625;0.225169
1595.663542;-0.00301852
1601.236458;-0.324146
1606.809375;-0.568239
1612.382292;-0.674027
1617.955208;-0.609885
1623.524088;-0.533928
1628.959737;-0.465922
1634.330789;-0.411795
1639.701842;-0.361667
1645.096766;-0.276003
1650.7125;-0.115278
1656.381944;0.185734
1662.051389;0.508444
1667.625348;0.775772
1673.002368;0.942263
1678.373421;0.956525
1683.744474;0.887734
1689.264722;0.700319
1694.934167;0.275691
1700.603611;-0.348596
1706.252289;-0.882006
1711.708882;-1.24745
1717.11875;-1.30857
1722.528618;-1.19974
1727.938487;-1.13246
1733.348355;-1.14625
1738.758224;-1.30633
1744.168092;-1.4704
1749.674136;-1.51789
1755.378542;-1.3401
1761.088958;-0.88169
1766.793364;-0.411455
1772.299408;0.0468889
1777.709276;0.501247
1783.119145;0.93976
1788.532855;1.30907
1793.982105;1.5558
1799.44;1.58707
1804.897895;1.48194
1810.355789;1.36491
1815.813684;1.22216
1821.271579;1.028
1826.729474;0.833803
1832.187368;0.681085
1837.645263;0.605418
1843.103158;0.644358
1848.561053;0.718847
1854.018947;0.828883
1859.476842;1.01202
1864.934737;1.27617
1870.385934;1.47309
1875.616118;1.52175
1880.739145;1.28182
1885.862171;0.79481
1890.985197;0.37695
1896.108224;0.0875368
1901.23125;0.0352719
1906.354276;0.12924
1911.477303;0.233067
1916.600329;0.362564
1921.723355;0.537496
1926.846382;0.694617
1931.969408;0.764752
1937.092434;0.660937
1942.215461;0.298185
1947.338487;-0.0547069
1952.526316;-0.283103
1957.778947;-0.272371
1963.031579;0.0229498
1968.284211;0.286627
1973.536842;0.445531
1978.789474;0.400842
1984.042105;0.178253
1989.294737;-0.00482729
1994.547368;-0.114798
1999.8;-0.0884119
2005.052632;0.0209662
2010.257989;0.126373
2015.269;0.22781
2020.259;0.327251
2025.249;0.422723
2030.303089;0.514225
2035.620658;0.601756
2040.966711;0.687293
2046.312763;0.766886
2051.658816;0.83658
2057.004868;0.892422
2062.350921;0.930461
2067.696974;0.946745
2072.909375;0.931388
2077.988125;0.848818
2083.066875;0.681247
2088.145625;0.503777
2093.358026;0.30653
2098.704079;0.0598554
2104.050132;-0.23822
2109.394688;-0.477014
2114.689875;-0.58933
2119.961125;-0.462509
2125.232375;-0.126197
2130.509174;0.174527
2135.969079;0.404085
2141.517763;0.50121
2147.066447;0.48171
2152.592937;0.470106
2157.914125;0.48023
2163.185375;0.531849
2168.456625;0.601242
2173.732226;0.654816
2179.048077;0.676752
2184.373718;0.643338
2189.699359;0.576315
2195.025;0.513233
2200.350641;0.454095
2205.676282;0.400875
2211.001923;0.355551
2216.289424;0.328006
2221.420125;0.33405
2226.533875;0.391473
2231.647625;0.456793
2236.761375;0.482574
2241.875125;0.435218
2246.988875;0.25148
2252.102625;0.0598244
2257.264821;-0.0369687
2262.626184;0.0441104
2268.009079;0.441412
2273.391974;0.927649
2278.646342;1.35853
2283.635625;1.70245
2288.616875;1.92382
2293.598125;2.12937
2298.579375;2.36457
2303.560625;2.6788
2308.541875;3.12151
2313.523125;3.48909
2318.504375;3.65704
2323.485625;3.44355
2328.466875;2.65093
2333.448125;1.7931
2338.429375;1.01827
2343.410625;0.385742
2348.391875;-0.0471761
2353.373125;-0.44057
2358.538975;-0.849782
2364.085563;-1.31434
2369.643687;-1.86784
2375.201813;-2.3502
2380.759937;-2.65666
2386.318062;-2.62712
2391.876188;-2.09162
2397.434312;-1.51463
2402.992438;-1.05622
2408.550562;-0.819179
2414.108688;-0.906281
2419.666812;-1.04082
2425.224938;-1.13782
2430.783062;-1.15971
2436.341188;-1.0729
2441.899313;-0.958428
2447.341237;-0.820242
2452.5435;-0.638577
2457.7385;-0.381813
2462.9335;-0.148769
2468.1285;0.0170721
2473.3235;0.0485102
2478.5185;-0.12363
2483.7135;-0.317515
2488.829338;-0.481756
2493.781905;-0.592636
2498.729524;-0.618534
2503.677143;-0.612812
2508.66929;-0.607092
2513.8445;-0.601376
2519.0395;-0.599617
2524.2345;-0.591931
2529.488337;-0.56646
2534.984062;-0.503439
2540.505938;-0.381129
2546.027812;-0.24301
2551.502357;-0.122682
2556.782321;-0.0320037
2562.04125;-0.000621547
2567.300179;0.0188989
2572.580143;0.115498
2578.054688;0.366258
2583.576563;0.923364
2589.098437;1.60103
2594.620313;2.09883
2600.142187;2.25471
2605.664062;1.76825
2611.185938;0.945781
2616.666301;0.259684
2621.762679;-0.179359
2626.765655;-0.155915
2631.768631;0.274675
2636.77661;0.655853
2641.949687;0.936228
2647.202812;1.02686
2652.455937;0.951471
2657.70406;0.897818
2662.787083;0.895551
2667.79006;0.998034
2672.793036;1.22305
2677.796012;1.42831
2682.924063;1.57427
2688.177187;1.61152
2693.430313;1.5203
2698.683437;1.42117
2704.159107;1.32994
2709.857321;1.25452
2715.555536;1.20875
2721.25375;1.15902
2727.043136;1.09941
2733.020562;1.02201
2739.003688;0.914958
2744.986813;0.780233
2750.878766;0.592142
2756.582679;0.299296
2762.280893;-0.191196
2767.979107;-0.735055
2773.728605;-1.24927
2779.688938;-1.73186
2785.672062;-2.17097
2791.655188;-2.56464
2797.469279;-2.89307
2802.588452;-3.11281
2807.6325;-3.13491
2812.676548;-3.02853
2817.720595;-2.89054
2822.764643;-2.6893
2827.80869;-2.35565
2832.852738;-1.91131
2837.896786;-1.51046
2842.940833;-1.18077
2847.984881;-0.981523
2853.028929;-0.942371
2858.072976;-0.922988
2863.243125;-0.917442
2868.539375;-0.937592
2873.835625;-0.991346
2879.131875;-1.06487
2884.505;-1.1799
2889.955;-1.37992
2895.405;-1.71632
2900.855;-2.01912
2906.305;-2.20532
2911.755;-2.16817
2917.205;-1.73772
2922.655;-1.20252
2928.105;-0.740457
2933.555;-0.410815
2939.005;-0.312423
2944.455;-0.364244
2949.905;-0.443739
2955.355;-0.578578
2960.805;-0.833985
2966.255;-1.18031
2971.707714;-1.45944
2977.25;-1.61011
2982.835714;-1.51372
2988.421429;-1.1189
2994.007143;-0.747794
2999.592857;-0.46761
3005.178571;-0.359384
3010.764286;-0.508098
3016.35;-0.690417
3022.025086;-0.839143
3027.8845;-0.928578
3033.7495;-0.927101
3039.6145;-0.894006
3045.390129;-0.833246
3050.981429;-0.713196
3056.567143;-0.486424
3062.152857;-0.249774
3067.690893;-0.0842819
3073.032917;-0.047264
3078.35375;-0.259285
3083.674583;-0.59385
3088.995417;-0.845409
3094.31625;-0.948739
3099.637083;-0.76154
3104.957917;-0.327288
3110.273913;0.0496411
3115.430284;0.313906
3120.509261;0.362734
3125.588239;0.148686
3130.667216;-0.0673444
3135.823587;-0.251758
3141.139583;-0.380836
3146.460417;-0.41505
3151.78125;-0.401838
3157.076048;-0.353055
3162.26381;-0.233128
3167.44;0.0251456
3172.61619;0.348634
3177.792381;0.6148
3182.968571;0.778182
3188.144762;0.75182
3193.320952;0.555473
3198.497143;0.37098
3203.673333;0.218101
3208.849524;0.114627
3214.025714;0.076368
3219.201905;0.0381014
3224.378095;-0.0120317
3229.554286;-0.0878664
3234.730476;-0.201262
3239.906667;-0.298853
3245.171619;-0.349019
3250.619643;-0.304322
3256.073214;-0.0955888
3261.526786;0.142783
3266.980357;0.309994
3272.433929;0.336868
3277.8875;0.102842
3283.341071;-0.263615
3288.794643;-0.551022
3294.248214;-0.698112
3299.701786;-0.578388
3305.155357;-0.221501
3310.603971;0.107706
3315.888977;0.377611
3321.094659;0.542755
3326.300341;0.581394
3331.506023;0.596309
3336.758839;0.583543
3342.108869;0.517401
3347.461845;0.348476
3352.814821;0.187445
3358.167798;0.125226
3363.520774;0.256689
3368.87375;0.767619
3374.226726;1.4584
3379.579702;2.01477
3384.932679;2.32604
3390.285655;2.17878
3395.638631;1.62236
3400.986741;1.11141
3406.174261;0.693329
3411.28392;0.439284
3416.39358;0.388803
3421.503239;0.356099
3426.643521;0.323383
3431.846964;0.288678
3437.052321;0.251985
3442.257679;0.219232
3447.463036;0.194373
3452.668393;0.18729
3457.87375;0.217747
3463.079107;0.262026
3468.27478;0.280599
3473.380872;0.253701
3478.465174;0.137849
3483.549477;-0.0590496
3488.633779;-0.252009
3493.718081;-0.433123
3498.802384;-0.606345
3503.886686;-0.769697
3508.970988;-0.911323
3514.260504;-1.02331
3519.973274;-1.07603
3525.698869;-1.03191
3531.424464;-0.956181
3537.15006;-0.8943
3542.875655;-0.856155
3548.60125;-0.867432
3554.326845;-0.894537
3560.05244;-0.893986
3565.778036;-0.83811
3571.503631;-0.66959
3577.229226;-0.408192
3582.949616;-0.182385
3588.498239;-0.0297228
3593.96358;-0.0134507
3599.42892;-0.161239
3604.894261;-0.303114
3610.256407;-0.401524
3615.405714;-0.424844
3620.548571;-0.311803
3625.691429;-0.159251
3630.834286;-0.0264793
3635.977143;0.0805822
3641.12;0.13624
3646.262857;0.154328
3651.387013;0.146706
3656.338182;0.0876791
3661.247273;-0.0741398
3666.156364;-0.320964
3671.065455;-0.540134
3676.091429;-0.702003
3681.234286;-0.769021
3686.377143;-0.685848
3691.52;-0.565138
3696.617688;-0.416776
3701.622216;-0.211114
3706.62392;0.101258
3711.625625;0.42547
3716.646384;0.688395
3721.843393;0.846549
3727.083274;0.805063
3732.323155;0.587656
3737.563036;0.39197
3742.802917;0.2437
3748.042798;0.178423
3753.282679;0.215901
3758.52256;0.245457
3763.643352;0.245345
3768.645057;0.18592
3773.646761;0.0316066
3778.648466;-0.138538
3783.766006;-0.306725
3789.359762;-0.480862
3795.005;-0.674784
3800.650238;-0.860819
3806.274948;-0.985604
3811.709773;-0.995775
3817.098409;-0.782629
3822.487045;-0.375808
3827.875682;-0.000633481
3833.392619;0.315228
3839.037857;0.532246
3844.683095;0.601009
3850.328333;0.630223
3855.891459;0.643605
3861.285227;0.623364
3866.673864;0.54974
3872.0625;0.452378
3877.457903;0.343133
3882.915893;0.206197
3888.389107;0.00994762
3893.862321;-0.235735
3899.33056;-0.449818
3904.634602;-0.61451
3909.859034;-0.682379
3915.083466;-0.635636
3920.307898;-0.573103
3925.61194;-0.496757
3931.080179;-0.394739
3936.553393;-0.241356
3942.026607;-0.0860204
3947.455041;0.0337173
3952.699375;0.0842563
3957.923807;0.0063034
3963.148239;-0.136895
3968.383491;-0.246517
3973.975833;-0.292916
3979.74131;-0.216799
3985.506786;0.00555357
3991.272262;0.204165
3996.906705;0.331601
4002.410114;0.320661
4007.913523;0.10217
4013.416932;-0.144014
4018.920341;-0.370458
4024.42375;-0.571232
4029.927159;-0.728549
4035.430568;-0.842406
4040.939219;-0.900949
4046.620833;-0.856738
4052.38631;-0.607003
4058.151786;-0.104305
4063.917262;0.368721
4069.591761;0.750806
4075.175284;0.974749
4080.758807;0.959519
4086.34233;0.877063
4091.925852;0.755053
4097.509375;0.544079
4103.092898;0.157177
4108.67642;-0.306834
4114.265261;-0.681929
4120.029583;-0.902884
4125.878988;-0.825423
4131.728393;-0.386295
4137.577798;0.0488527
4143.294261;0.418752
4148.877784;0.681899
4154.461307;0.784927
4160.04483;0.842472
4165.650239;0.87232
4171.345625;0.850755
4177.050739;0.732318
4182.755852;0.558513
4188.466399;0.396543
4194.35625;0.252333
4200.333036;0.137746
4206.309821;0.0567312
4212.286607;-0.00849813
4218.127557;-0.0520128
4223.83267;-0.0560248
4229.537784;-0.00274603
4235.242898;0.0643414
4240.948011;0.129426
4246.653125;0.198438
4252.358239;0.275327
4258.063352;0.346262
4263.764233;0.395428
4269.325417;0.403063
4274.818869;0.32173
4280.312321;0.133643
4285.805774;-0.0327306
4291.174375;-0.14379
4296.418125;-0.152101
4301.661875;-0.00627615
4306.905625;0.167192
4312.149375;0.334704
4317.393125;0.498237
4322.636875;0.659765
4327.880625;0.811384
4333.124375;0.933331
4338.368125;0.997931
4343.611875;0.951825
4348.855625;0.773268
4354.099375;0.612472
4359.277315;0.499085
4364.319524;0.480538
4369.357619;0.624034
4374.395714;0.810985
4379.392589;0.962333
4384.22;1.04448
4389.029091;1.0001
4393.838182;0.898379
4398.647273;0.849996
4403.456364;0.91029
4408.265455;1.18401
4413.074545;1.72255
4417.883636;2.21758
4422.692727;2.6019
4427.501818;2.7846
4432.310909;2.62139
4437.12;2.34747
4441.948554;2.10318
4446.957143;1.91617
4452.009524;1.83388
4457.061905;1.83853
4462.109693;1.81153
4467.005909;1.71731
4471.828636;1.49261
4476.651364;1.10384
4481.474091;0.734804
4486.296818;0.415153
4491.119545;0.186393
4495.942273;0.107815
4500.765;0.0924558
4505.587727;0.100787
4510.410455;0.154549
4515.233182;0.301177
4520.055909;0.528813
4524.878636;0.726774
4529.732898;0.873322
4534.618693;0.926947
4539.504489;0.842195
4544.390284;0.72777
4549.317958;0.613316
4554.417798;0.492907
4559.53625;0.354684
4564.654702;0.21248
4569.754542;0.0840837
4574.682216;-0.0225977
4579.568011;-0.0897771
4584.453807;-0.117454
4589.339602;-0.137252
4594.225398;-0.139289
4599.111193;-0.101823
4603.996989;-0.011019
4608.882784;0.0777818
4613.851625;0.134933
4619.161875;0.134741
4624.509034;0.0258172
4629.856193;-0.142426
4635.203352;-0.290929
4640.550511;-0.411791
4645.89767;-0.483266
4651.24483;-0.491521
4656.591989;-0.489918
4661.939148;-0.482414
4667.286307;-0.457147
4672.633466;-0.410165
4677.980625;-0.353324
4683.327784;-0.296511
4688.674943;-0.241698
4694.022102;-0.188888
4699.369261;-0.138079
4704.71642;-0.0912487
4710.355774;-0.0483961
4716.287321;-0.0134742
4722.218869;0.00758764
4728.150417;0.0207189
4733.995687;0.0278962
4739.663011;0.0152844
4745.324943;-0.0289751
4750.986875;-0.0732589
4756.648807;-0.0918731
4762.310739;-0.0630768
4767.97267;0.0585887
4773.634602;0.267194
4779.296534;0.469846
4784.958466;0.672475
4790.620398;0.879032
4796.28233;1.10138
4801.944261;1.31777
4807.53992;1.53019
4812.863125;1.74456
4818.156875;1.97866
4823.450625;2.2088
4828.744375;2.38951
4834.038125;2.49114
4839.331875;2.44647
4844.625625;2.21997
4849.919375;1.96576
4855.213125;1.6799
4860.506875;1.32683
4865.800625;0.847245
4871.094375;0.339965
4876.388125;-0.131758
4881.681875;-0.556068
4886.975625;-0.903319
4892.269375;-1.16758
4897.563125;-1.38047
4903.095511;-1.50445
4908.866534;-1.45649
4914.637557;-1.14766
4920.40858;-0.826992
4926.179602;-0.583428
4931.950625;-0.486139
4937.721648;-0.66162
4943.49267;-0.979426
4949.263693;-1.2261
4955.034716;-1.34037
4960.805739;-1.19969
4966.576761;-0.750711
4972.347784;-0.325464
4978.118807;0.00687011
4983.88983;0.171188
4989.660852;0.0449504
4995.431875;-0.182104
5001.189398;-0.403247
5006.822045;-0.628359
5012.424318;-0.8693
5018.026591;-1.11026
5023.628864;-1.28799
5029.231136;-1.3511
5034.833409;-1.18693
5040.435682;-0.67493
5046.037955;-0.157012
5051.640227;0.240326
5057.2425;0.414311
5062.844773;0.169272
5068.447045;-0.303073
5074.049318;-0.718115
5079.651591;-1.03633
5085.253864;-1.17272
5090.856136;-1.09171
5096.458409;-0.98898
5101.968682;-0.874403
5107.289205;-0.740076
5112.603977;-0.562278
5117.91875;-0.386471
5123.233523;-0.244275
5128.548295;-0.16336
5133.863068;-0.204997
5139.177841;-0.355352
5144.492614;-0.497812
5149.691848;-0.624471
5154.775543;-0.729401
5159.859239;-0.804694
5164.942935;-0.862208
5170.045117;-0.907874
5175.318295;-0.941691
5180.633068;-0.951801
5185.947841;-0.938201
5191.262614;-0.892988
5196.6825;-0.796395
5202.2075;-0.595058
5207.7325;-0.227709
5213.2575;0.171258
5218.7825;0.578123
5224.3075;1.01858
5229.8325;1.54797
5235.3575;2.10106
5240.8825;2.57512
5246.4075;2.92068
5251.9325;3.03498
5257.4575;2.86469
5262.9825;2.66671
5268.5075;2.46279
5274.0325;2.24505
5279.5575;2.00161
5285.0825;1.75222
5290.581633;1.50482
5295.8415;1.25741
5301.043167;1.00011
5306.244833;0.734911
5311.4465;0.479591
5316.648167;0.240081
5321.849833;0.0262633
5327.0515;-0.146049
5332.253167;-0.310457
5337.459509;-0.488699
5342.709101;-0.70647
5347.969213;-1.00923
5353.229326;-1.41673
5358.489438;-1.78273
5363.749551;-2.0598
5369.009663;-2.17479
5374.269775;-2.01305
5379.529888;-1.75845
5384.785435;-1.51964
5390.013596;-1.30059
5395.237191;-1.11909
5400.460787;-0.967237
5405.684382;-0.799563
5410.907978;-0.59433
5416.131573;-0.304106
5421.355169;0.120524
5426.578764;0.525396
5431.813044;0.845288
5437.09125;1.00905
5442.374205;0.886234
5447.657159;0.595427
5452.940114;0.302654
5458.223068;-0.00394558
5463.506023;-0.344135
5468.788977;-0.731747
5474.071932;-1.08377
5479.312696;-1.37057
5484.466444;-1.54469
5489.617556;-1.51127
5494.768667;-1.35926
5499.919778;-1.22304
5505.070889;-1.11645
5510.222;-1.0652
5515.373111;-1.07915
5520.524222;-1.08122
5525.675333;-1.0398
5530.826444;-0.913381
5535.977556;-0.618943
5541.128667;-0.24543
5546.279778;0.0628782
5551.430889;0.258545
5556.582;0.238801
5561.733111;-0.0378662
5566.884222;-0.31056
5572.117887;-0.531847
5577.521818;-0.65429
5582.930909;-0.606736
5588.34;-0.521611
5593.749091;-0.485873
5599.158182;-0.544982
5604.567273;-0.79776
5609.976364;-1.21456
5615.385455;-1.5839
5620.734444;-1.86428
5626.023333;-1.98651
5631.312222;-1.83202
5636.601111;-1.58856
5641.89;-1.35891
5647.178889;-1.15295
5652.467778;-0.982535
5657.756667;-0.849644
5663.045556;-0.74242
5668.351944;-0.676669
5673.675833;-0.693902
5678.999722;-0.855382
5684.323611;-1.06427
5689.6475;-1.26126
5694.971389;-1.44439
5700.295278;-1.61167
5705.619167;-1.76113
5710.943056;-1.88684
5716.266944;-1.9789
5721.590833;-2.0077
5726.914722;-1.92577
5732.238611;-1.80626
5737.5625;-1.69066
5742.886389;-1.57897
5748.210278;-1.47317
5753.534167;-1.37525
5758.858056;-1.29111
5764.288182;-1.23461
5769.824545;-1.23143
5775.360909;-1.31319
5780.897273;-1.39294
5786.390308;-1.43904
5791.705217;-1.42185
5797.00087;-1.28603
5802.296522;-1.03949
5807.592174;-0.798826
5813.008182;-0.566022
5818.544545;-0.337125
5824.080909;-0.114109
5829.617273;0.0931436
5835.110308;0.270799
5840.425217;0.393163
5845.72087;0.418733
5851.016522;0.355413
5856.312174;0.304004
5861.694659;0.282294
5867.163977;0.312026
5872.633295;0.422846
5878.102614;0.545581
5883.550055;0.664417
5888.907556;0.783311
5894.255333;0.908189
5899.603111;1.0351
5904.950889;1.13638
5910.298667;1.19819
5915.646444;1.18693
5920.994222;1.06307
5926.342;0.911606
5931.6827;0.748343
5936.994301;0.555497
5942.302757;0.29354
5947.611213;-0.0236943
5952.9195;-0.315169
5958.185;-0.567049
5963.417353;-0.755615
5968.649706;-0.845292
5973.882059;-0.905253
5979.114412;-0.943403
5984.346765;-0.945909
5989.579118;-0.873237
5994.811471;-0.737247
6000.043824;-0.607116
6005.295556;-0.488768
6010.566667;-0.388135
6015.837778;-0.313123
6021.108889;-0.261749
6026.38;-0.23402
6031.651111;-0.257597
6036.922222;-0.379921
6042.193333;-0.591105
6047.464444;-0.780468
6052.817935;-0.934175
6058.253804;-1.02653
6063.689674;-1.01998
6069.125543;-0.965913
6074.58118;-0.88409
6080.219659;-0.746841
6085.902614;-0.498826
6091.585568;-0.155855
6097.268523;0.151628
6102.827935;0.39793
6108.263804;0.52771
6113.699674;0.457961
6119.135543;0.325055
6124.571413;0.206077
6130.007283;0.11091
6135.443152;0.0553653
6140.879022;0.0513033
6146.314891;0.0690781
6151.752919;0.124502
6157.195398;0.257106
6162.638011;0.528159
6168.080625;0.826982
6173.504308;1.08638
6178.75288;1.2767
6183.958859;1.33865
6189.164837;1.24457
6194.370815;1.13083
6199.576793;1.00138
6204.782772;0.832506
6209.98875;0.582707
6215.194728;0.303369
6220.40302;0.073553
6225.687667;-0.0632606
6231.009333;-0.0299885
6236.331;0.26824
6241.652667;0.606112
6246.9972;0.930262
6252.408;1.2486
6257.823;1.5631
6263.238;1.85992
6268.650646;2.1035
6273.985598;2.2563
6279.28288;2.24712
6284.580163;1.98511
6289.877446;1.67774
6295.174728;1.36654
6300.472011;1.03966
6305.769293;0.6714
6311.066576;0.27362
6316.363859;-0.0845047
6321.661141;-0.373324
6326.958424;-0.539474
6332.255707;-0.494014
6337.552989;-0.383198
6342.856439;-0.299918
6348.216934;-0.265917
6353.591305;-0.330603
6358.965676;-0.513741
6364.340047;-0.667091
6369.714418;-0.741248
6375.088789;-0.663077
6380.46316;-0.294228
6385.837532;0.22102
6391.211903;0.655379
6396.586274;0.947575
6401.960645;0.973097
6407.335016;0.674628
6412.709387;0.380257
6418.083758;0.147307
6423.458129;0.0232108
6428.8325;0.100864
6434.206871;0.291327
6439.596236;0.458226
6445.373797;0.585751
6451.322146;0.642279
6457.270495;0.588282
6463.218844;0.518632
6469.167193;0.457048
6475.115542;0.407483
6481.063891;0.381797
6487.012241;0.370108
6492.96059;0.360562
6498.908939;0.35118
6504.857288;0.341963
6510.805637;0.330941
6516.753986;0.322062
6522.689034;0.313354
6528.569402;0.298889
6534.443859;0.276689
6540.318315;0.252687
6546.192772;0.266414
6551.864239;0.357399
6557.332717;0.606677
6562.801196;1.13877
6568.269674;1.7244
6573.738152;2.20151
6579.20663;2.48709
6584.675109;2.40722
6590.143587;1.88084
6595.612065;1.37244
6601.080543;0.963059
6606.549022;0.733719
6612.0175;0.83859
6617.485978;1.13537
6622.954457;1.41258
6628.422935;1.66429
6633.891413;1.87864
6639.359891;2.04379
6644.82837;2.17749
6650.272293;2.27385
6655.615272;2.30717
6660.947337;2.2221
6666.279402;2.02655
6671.611467;1.81146
6676.943533;1.55704
6682.275598;1.22179
6687.607663;0.732583
6692.939728;0.215921
6698.271793;-0.241236
6703.603859;-0.601331
6708.935924;-0.781354
6714.267989;-0.747705
6719.600054;-0.707907
6724.93212;-0.691607
6730.264185;-0.726474
6735.59625;-0.861916
6740.928315;-1.04457
6746.259207;-1.1934
6751.551359;-1.28468
6756.824728;-1.26506
6762.098098;-1.07918
6767.371467;-0.873304
6772.644837;-0.692892
6777.918207;-0.557705
6783.191576;-0.507268
6788.464946;-0.531699
6793.738315;-0.551937
6799.011685;-0.564031
6804.285054;-0.556118
6809.558424;-0.518314
6814.831793;-0.464456
6820.105163;-0.400466
6825.378533;-0.310536
6830.651902;-0.166992
6835.925272;0.0420257
6841.198641;0.227578
6846.629576;0.360022
6852.385489;0.393899
6858.15125;0.242246
6863.917011;-6.60188E-05
6869.684039;-0.176894
6875.492885;-0.228942
6881.322005;-0.0376251
6887.151126;0.529483
6892.980247;1.10279
6898.809368;1.54196
6904.638489;1.74423
6910.46761;1.48824
6916.296731;0.82932
6922.125852;0.216137
6927.954973;-0.303879
6933.784093;-0.663522
6939.613214;-0.787688
6945.442335;-0.854257
6951.258076;-0.898802
6957.007692;-0.903532
6962.748352;-0.828919
6968.489011;-0.686818
6974.22967;-0.560239
6979.93913;-0.461039
6985.617391;-0.41491
6991.295652;-0.457426
6996.973913;-0.529293
7002.652174;-0.598884
7008.330435;-0.660271
7014.008696;-0.715427
7019.686957;-0.760398
7025.365217;-0.805061
7031.043478;-0.855348
7036.721739;-0.915211
7042.4;-1.00046
7048.078261;-1.09329
7053.756315;-1.17001
7059.427554;-1.21873
7065.095489;-1.21378
7070.763424;-1.13143
7076.431359;-1.03492
7082.099293;-0.942035
7087.767228;-0.852785
7093.435163;-0.773088
7099.103098;-0.698993
7104.771033;-0.622594
7110.438967;-0.537956
7116.106902;-0.439149
7121.774837;-0.306407
7127.442772;-0.16147
7133.110707;-0.00631145
7138.778641;0.176858
7144.446576;0.427569
7150.114511;0.747802
7155.782446;0.971534