age;stackVKtr;stackVKtr_pm12percent;stackVKtr_pm8percent;Mean_conc_plus_trend1.35
7101;0;0;0;0
7096;2.034497809;2.414615151;1.656528637;2.963272474
7091;3.265738055;3.882348915;2.652611869;4.772358464
7086;3.944613756;4.692603384;3.200851267;5.772243647
7081;4.365460219;5.195596699;3.540015117;6.393806854
7076;4.213835898;5.011476279;3.420703274;6.425353253
7071;3.918039689;4.654607722;3.1856343;6.292419415
7066;3.836945611;4.556270616;3.121685821;6.338587823
7061;3.856557213;4.579205041;3.137993387;6.467285159
7056;3.689611229;4.377845755;3.005266224;6.420707095
7051;2.757068486;3.25574431;2.261210903;5.674055092
7046;2.280806539;2.682447919;1.881435016;5.339202379
7041;2.052202387;2.407036266;1.699373837;5.226960598
7036;1.938357518;2.269667202;1.608920216;5.216800197
7031;1.660119156;1.934599023;1.387190519;5.050508034
7026;1.44907592;1.680363942;1.219095045;4.944285834
7021;1.330337689;1.5371608;1.124683472;4.921886598
7016;1.255664867;1.446970588;1.065440349;4.938656221
7011;1.831176391;2.138777114;1.525314089;5.537982061
7006;3.035833602;3.587276351;2.487507295;6.700738603
7001;3.677489076;4.35866162;3.000166114;7.356892111
6996;4.038666191;4.792725681;3.288868189;7.759997359
6991;4.278900624;5.081342944;3.480993219;8.053144112
6986;4.870264791;5.792278505;3.953461735;8.65523911
6981;5.264865175;6.266575564;4.268815839;9.081498609
6976;5.530398359;6.585652922;4.481107445;9.392086311
6971;5.734074645;6.830344547;4.644000185;9.646642298
6966;6.440118629;7.679247842;5.207992217;10.34925055
6961;7.230585986;8.629697112;5.839381782;11.12632058
6956;7.722168223;9.220683505;6.232121637;11.63526858
6951;8.068874256;9.637434504;6.509178557;12.01374819
6946;8.26449876;9.872486543;6.665598338;12.2539589
6941;8.148423505;9.732662322;6.573137798;12.2069298
6936;8.171755911;9.760512354;6.591978089;12.28798906
6931;8.270319197;9.878850344;6.670878415;12.43780503
6926;8.401729958;10.0367011;6.775998601;12.61723962
6921;7.639711788;9.120023629;6.167765713;11.98385938
6916;7.055565877;8.417280926;5.70154638;11.51157396
6911;6.803814617;8.114318145;5.500717237;11.34083224
6906;6.707370527;7.998150377;5.423885362;11.31061686
6901;8.338482221;9.959734483;6.726392257;12.83618293
6896;11.63131932;13.91989546;9.355676746;15.85792578
6891;13.44278917;16.09840819;10.802178;17.54503612
6886;14.51471499;17.38746972;11.65819523;18.56554457
6881;15.23151743;18.24942589;12.23066425;19.2654615
6876;15.3740073;18.4206558;12.34457654;19.43979531
6871;15.59947135;18.69168372;12.52473424;19.69140574
6866;15.89383251;19.04557888;12.75989785;20.00662632
6861;16.21547848;19.43229365;13.01684276;20.34685734
6856;14.79186593;17.71997457;11.88030515;19.10722403
6851;13.03764365;15.6100319;10.47979295;17.56802726
6846;12.23298107;14.64213642;9.837440773;16.8879496
6841;11.8804972;14.21808355;9.556121435;16.61674401
6836;11.69331128;13.99283917;9.40677889;16.49328032
6831;11.45549258;13.70670138;9.217006206;16.3186491
6826;11.34903434;13.57855493;9.132113605;16.26528516
6821;11.31175937;13.53361866;9.102456641;16.27564448
6816;11.30782099;13.52877934;9.099414103;16.31647225
6811;10.36895474;12.39949677;8.349888051;15.50742542
6806;9.620431056;11.49914343;7.752335995;14.87110649
6801;9.224697622;11.02309643;7.43646224;14.55510314
6796;8.995902301;10.74782973;7.253875679;14.3904748
6791;9.277638122;11.08658555;7.478913741;14.68360237
6786;10.02238776;11.98221434;8.073636925;15.39139685
6781;10.39719458;12.43291178;8.372982001;15.76793547
6776;10.58865651;12.66310077;8.525935727;15.98014724
6771;10.6816897;12.77491065;8.600298352;16.10372945
6766;10.11347819;12.09143769;8.146696931;15.62355742
6761;9.778473263;11.68844615;7.879294401;15.35652269
6756;9.606162402;11.48112996;7.741791041;15.23801686
6751;9.50997856;11.36537413;7.665068584;15.18886
6746;10.88533542;13.01945477;8.763276817;16.46325034
6741;12.54902963;15.02032286;10.09170261;17.99691945
6736;13.4417413;16.09392511;10.80454597;18.83715339
6731;13.96552331;16.72381397;11.22282078;19.34543706
6726;14.33429323;17.16726991;11.51732676;19.71260391
6721;14.6791919;17.58201712;11.79277163;20.05297
6716;14.95023819;17.90794281;12.00924868;20.32960713
6711;15.18178616;18.18636486;12.19418748;20.57208468
6706;15.39262861;18.4398855;12.36259293;20.79645421
6701;13.87008777;16.60865221;11.14700001;19.45053402
6696;12.66859916;15.16355246;10.18774579;18.39549289
6691;12.09109223;14.4689221;9.726700382;17.90569823
6686;11.80588054;14.12583892;9.499033112;17.68058906
6681;11.91802868;14.26066501;9.588631472;17.81126963
6676;12.35162148;14.7820965;9.934882024;18.22901736
6671;12.58025971;15.0570284;10.11748823;18.46457323
6666;12.70702119;15.20943326;10.21875124;18.6094851
6661;12.87440059;15.41069066;10.3524441;18.79141084
6656;16.76104205;20.08513791;13.45573196;22.32313951
6651;19.13034745;22.93467282;15.34752181;24.48828696
6646;20.46824826;24.54372937;16.41579928;25.72443183
6641;21.32354719;25.57235736;17.09874871;26.52581191
6636;22.62551804;27.13820242;18.13833658;27.72593071
6631;23.94335381;28.72312924;19.19059075;28.93955434
6626;24.83709573;29.79799552;19.9042319;29.7729391
6621;25.52293923;30.62282139;20.45187848;30.41983052
6616;25.58407715;30.69630921;20.50073629;30.50182999
6611;23.81922259;28.57366075;19.0916536;28.93073466
6606;23.0362289;27.63190568;18.46652407;28.24880927
6601;22.78677211;27.33184083;18.26738934;28.0500036
6596;22.7815398;27.32550762;18.26325171;28.07230167
6591;20.58092247;24.67876644;16.506237;26.10746329
6586;18.87137595;22.62264109;15.14131064;24.58705326
6581;18.02805832;21.60833745;14.4680127;23.85062296
6576;17.59208078;21.08394595;14.11994945;23.48280901
6571;18.03477287;21.61633873;14.4734478;23.90526753
6566;19.24536079;23.07228714;15.44006187;25.01781385
6561;19.87968283;23.83515619;15.94656338;25.61315629
6556;20.22776696;24.253765;16.22452139;25.95156321
6551;20.39456775;24.45434337;16.35773549;26.12681053
6546;18.35003308;21.99532988;14.72533723;24.29958697
6541;17.14417006;20.54499468;13.76256479;23.23216784
6536;16.51532463;19.78864413;13.2605039;22.68743401
6531;16.15610462;19.35657496;12.97372135;22.38690561
6526;15.92178869;19.07472955;12.78666627;22.19480381
6521;15.74882692;18.86667587;12.64859809;22.05734257
6516;15.60863782;18.69803867;12.53669631;21.95204463
6511;15.48645721;18.55106095;12.43917268;21.86421283
6506;15.49296407;18.55885726;12.44439738;21.89150328
6501;15.90648215;19.05616999;12.77459436;22.28106019
6496;16.09736797;19.28572145;12.92703307;22.47280604
6491;16.1681511;19.37082481;12.98357688;22.55783447
6486;16.18466914;19.39066355;12.99679299;22.594651
6481;16.58014155;19.86627447;13.31257978;22.96774217
6476;16.88834033;20.23692107;13.55868365;23.26337436
6471;17.04512974;20.42546674;13.68389627;23.42463499
6466;17.13130871;20.52908903;13.75273048;23.52322757
6461;16.78578848;20.11350337;13.47687974;23.22954945
6456;16.03267466;19.20770175;12.87559084;22.56514343
6451;15.63351;18.72759828;12.55690759;22.22311498
6446;15.41122495;18.46022984;12.37945115;22.04217577
6441;15.2788284;18.30097148;12.27376461;21.94286963
6436;15.49334107;18.55894424;12.44506279;22.14996737
6431;15.60377198;18.69173733;12.53325789;22.26609249
6426;15.6404252;18.73579773;12.5625458;22.31761706
6421;15.64385919;18.73990543;12.56530989;22.34008559
6416;16.49815654;19.76735424;13.24743431;23.12621377
6411;17.50962888;20.98383913;14.05505269;24.05351465
6406;18.04866269;21.63211843;14.48545839;24.55707861
6401;18.36175568;22.00865709;14.73546427;24.85799643
6396;19.08746639;22.88145501;15.31491903;25.53033455
6391;21.52076013;25.80797825;17.25777073;27.73875529
6386;22.92522724;27.49712305;18.37916898;29.02182379
6381;23.76818;28.51092997;19.05223315;29.79984924
6376;24.34753815;29.20770966;19.51483337;30.34079042
6371;22.33009332;26.78129207;17.90405001;28.53243189
6366;20.72100457;24.84600819;16.61931291;27.09396608
6361;19.98129402;23.95633336;16.02871913;26.44243461
6356;19.64728488;23.55459943;15.76205203;26.15815084
6351;19.0538545;22.84085761;15.28825316;25.63712076
6346;18.1086456;21.70402898;14.53358106;24.79577866
6341;17.60896206;21.10303786;14.13463258;24.35950372
6336;17.33127937;20.76904936;13.91293748;24.12508128
6331;17.15926614;20.56215071;13.77561253;23.98657487
6326;17.07793705;20.46431893;13.71069288;23.9232691
6321;17.00628062;20.3781208;13.65349597;23.87169335
6316;16.9376986;20.29562053;13.59875354;23.82491466
6311;16.87239475;20.2170632;13.54662827;23.78205679
6306;18.44947485;22.11381559;14.80584267;25.21724317
6301;20.33864293;24.38591915;16.31423938;26.93344789
6296;21.33974549;25.58993881;17.11357159;27.8508484
6291;21.91618832;26.28321675;17.57383958;28.38629438
6286;23.52743046;28.22105707;18.86032927;29.85471441
6281;29.22765163;35.07674829;23.41161038;35.00846118
6276;32.49185982;39.00262572;26.01788867;37.96690374
6271;34.42621692;41.32907987;27.56236459;39.72691247
6266;35.73687906;42.90541089;28.60885926;40.92487896
6261;34.04723719;40.87325038;27.25980036;39.4094181
6256;32.72442776;39.28228264;26.2036338;38.22640637
6251;32.31005998;38.78390577;25.87280033;37.86561471
6246;32.31470658;38.78948136;25.87652321;37.8841162
6241;30.66342572;36.80345875;24.55809234;36.40555443
6236;27.28216491;32.7367744;21.8583815;33.36288332
6231;25.60514012;30.71978974;20.51939535;31.86129473
6226;24.77493409;29.72128157;19.85654033;31.12548533
6221;24.33239256;29.18902105;19.50321075;30.74012052
6216;23.82026147;28.57306475;19.09431811;30.28533688
6211;23.50109345;28.189187;18.83949413;30.00773001
6206;23.29764402;27.94448517;18.67706395;29.83660826
6201;23.15164234;27.76887644;18.56050202;29.71832163
6196;24.24536523;29.08429541;19.4337817;30.71470494
6191;25.58420352;30.69451698;20.50277039;31.93168924
6186;26.27627833;31.52687065;21.05535911;32.56766941
6181;26.66051717;31.98898748;21.36216008;32.92715309
6176;26.8537191;32.22134271;21.51642997;33.11331779
6171;26.81461118;32.17429702;21.48521496;33.08486979
6166;26.83853829;32.20306427;21.50432929;33.11653181
6161;26.89856827;32.27525291;21.55226932;33.18255649
6156;26.97462912;32.36672216;21.61300883;33.26391413
6151;26.14873673;31.37340456;20.95359549;32.52562824
6146;25.49917217;30.5921581;20.43496862;31.94788299
6141;25.18292364;30.2117939;20.18247343;31.67332854
6136;25.02348963;30.02003202;20.05518459;31.54145307
6131;24.67889633;29.6055776;19.7800576;31.23990351
6126;24.11532945;28.92776191;19.3300939;30.73794837
6121;23.80364638;28.55288919;19.08124337;30.46634812
6116;23.61841327;28.33009906;18.93335503;30.31041411
6111;23.4930578;28.17932444;18.83327507;30.20911663
6106;23.37688351;28.03959219;18.74052556;30.10951014
6101;23.28486703;27.92891491;18.66706443;30.03475264
6096;23.20769772;27.83609457;18.60545768;29.97546244
6091;23.13913511;27.75362572;18.55072273;29.92494668
6086;22.8648434;27.42372479;18.33172594;29.68459698
6081;22.55478262;27.05080423;18.08416969;29.41136781
6076;22.36284338;26.81994959;17.93092592;29.24746072
6071;22.22880243;26.65872985;17.82391016;29.13714952
6066;21.73539842;26.06530114;17.42996558;28.70162192
6061;19.94109719;23.90727216;15.99733658;27.08709814
6056;18.90678573;22.66328957;15.17151132;26.16170247
6051;18.28854572;21.91971986;14.67789274;25.61360725
6046;17.86611321;21.41164965;14.34061398;25.2431093
6041;17.421506;20.87690981;13.98563;24.84698355
6036;17.04684018;20.4262892;13.68648971;24.5154001
6031;16.74077192;20.05817159;13.44212014;24.24811417
6026;16.47049055;19.73309528;13.22632403;24.0142947
6021;16.72380034;20.03774672;13.42858231;24.25046308
6016;17.48487605;20.95309275;14.03625953;24.94212271
6011;17.79972604;21.33175933;14.28765358;25.23410762
6006;17.89453101;21.44577593;14.36335548;25.32906104
6001;17.9978198;21.56999619;14.44583107;25.43228183
5996;22.72779398;27.25877141;18.22242282;29.70450473
5991;25.55427757;30.65820197;20.47919739;32.26188727
5986;27.08927838;32.50435504;21.70480439;33.65578749
5981;28.02069068;33.62456705;22.44848398;34.50596889
5976;25.82303025;30.9814161;20.69379643;32.52801144
5971;22.95078879;27.52694075;18.40049842;29.94065923
5966;21.55393884;25.84693172;17.28520731;28.68757761
5961;20.85974873;25.01201787;16.73094564;28.07000132
5956;20.30762385;24.3479672;16.29011401;27.57975962
5951;19.28870373;23.12249791;15.47657578;26.66331057
5946;18.69521461;22.40869828;15.00271726;26.13406191
5941;18.33041096;21.96994073;14.71144957;25.81300926
5936;18.07440306;21.66203286;14.50704834;25.591037
5931;19.87526262;23.82793747;15.94492585;27.21978355
5926;21.32134542;25.56714906;17.09953643;28.52977514
5921;22.05049578;26.44409984;17.68172165;29.19513415
5916;22.44420366;26.91761109;17.99607715;29.55893567
5911;23.78182824;28.52637924;19.06409048;30.77207923
5906;26.12723006;31.34720994;20.93675027;32.89198448
5901;27.4425147;32.92910979;21.98692644;34.08526303
5896;28.24333152;33.89225479;22.62633245;34.81580344
5891;28.80124937;34.56326315;23.07179891;35.32774803
5886;29.20349378;35.04704179;23.39296987;35.69262547
5881;29.56233764;35.47862227;23.67948817;36.02140329
5876;29.89975408;35.88443187;23.94889797;36.33293308
5871;30.22291395;36.27309503;24.20692473;36.63262531
5866;29.73911773;35.69122514;23.82064793;36.19989801
5861;29.09661202;34.91847402;23.30765156;35.62335892
5856;28.87958854;34.65745415;23.13437583;35.43355607
5851;28.86360349;34.63822501;23.12161654;35.42655387
5846;28.5362591;34.24452135;22.86025641;35.13767907
5841;26.88359544;32.25684471;21.54071245;33.64778732
5836;26.02999088;31.23020348;20.85916668;32.8823036
5831;25.61075943;30.72598663;20.52444036;32.51065712
5826;25.39372648;30.46495572;20.35115672;32.32239502
5821;24.20563974;29.03603;19.40254786;31.25216066
5816;23.26728017;27.90745337;18.65333033;30.4087439
5811;22.74216352;27.27588768;18.23406114;29.94068549
5806;22.41339288;26.88046909;17.97156178;29.65101623
5801;21.74099096;26.07176222;17.4346945;29.04868437
5796;20.6850979;24.8018273;16.59163372;28.0975018
5791;20.04975597;24.03769291;16.0843564;27.52892789
5786;19.62637388;23.52848453;15.74631558;27.15322389
5781;19.26320249;23.09169212;15.45634915;26.83248752
5776;17.16296148;20.565711;13.77944225;24.93748081
5771;15.81093305;18.93961172;12.6999358;23.72081212
5766;14.96619162;17.92363097;12.02546595;22.96406685
5761;14.36212613;17.19711332;11.54316061;22.42556718
5756;14.37339029;17.21065803;11.55215709;22.43826733
5751;14.53843729;17.40915874;11.68393942;22.5891864
5746;14.46577704;17.32176693;11.62592747;22.5283195
5741;14.2837897;17.10288652;11.4806247;22.37015457
5736;14.23393466;17.04292281;11.44082119;22.33037436
5731;14.77220553;17.69030332;11.87059906;22.81646751
5726;14.95891427;17.91485703;12.01967672;22.98853895
5721;14.95687714;17.91240447;12.01805266;22.99208858
5716;14.86942863;17.80722694;11.94823297;22.91946043
5711;15.28565742;18.30782654;12.28056776;23.29581051
5706;15.58225542;18.66454516;12.51738487;23.56563821
5701;15.67457118;18.77557181;12.59109548;23.65351331
5696;15.67193548;18.77239955;12.5889933;23.65688704
5691;15.79497979;18.92038378;12.68723865;23.77115696
5686;16.06452975;19.24457167;12.90245947;24.01490353
5681;16.17231689;19.37420603;12.98852285;24.11572561
5676;16.20003515;19.40754089;13.01065625;24.14586681
5671;16.18616861;19.3908614;12.99958679;24.13911027
5666;15.95891345;19.11753755;12.81813994;23.93321042
5661;15.8026717;18.92962219;12.69339277;23.79448126
5656;15.69651333;18.80194259;12.608634;23.7030541
5651;15.61382056;18.70248532;12.54261099;23.63384498
5646;14.89219373;17.83457653;11.96643943;22.98386737
5641;14.05355813;16.82594033;11.29684372;22.2277239
5636;13.57125459;16.24586781;10.91175664;21.7959195
5631;13.26023751;15.87180303;10.66343095;21.52007529
5626;13.17001995;15.76329579;10.59139971;21.44264241
5621;13.5942353;16.2735015;10.93011064;21.82457929
5616;13.7671867;16.48150991;11.06820314;21.9830179
5611;13.8030722;16.52466801;11.09685715;22.01958015
5606;13.77666169;16.49290218;11.07577169;22.00083041
5601;16.52583477;19.79935494;13.27081449;24.48145846
5596;18.727479;22.44729002;15.02869004;26.46939023
5591;19.89890801;23.8561763;15.96400374;27.52996889
5586;20.58542132;24.68185028;16.51214283;28.15410742
5581;21.36047354;25.6140108;17.13097463;28.85562619
5576;22.33668615;26.78810869;17.91042027;29.73595136
5571;22.97146527;27.5515616;18.4172528;30.31120309
5566;23.43354089;28.1073025;18.78619245;30.73217494
5561;23.78126392;28.5255106;19.06382876;31.05057981
5556;22.8035543;27.34960934;18.28319074;30.16622533
5551;22.31793755;26.76555249;17.89545779;29.72906933
5546;22.16883817;26.58622803;17.77641269;29.59772555
5541;22.17354772;26.59189093;17.78017429;29.60623816
5536;20.64419602;24.75252501;16.55908478;28.22613342
5531;18.84333244;22.58660942;15.12121016;26.60042718
5526;17.92707558;21.48461806;14.38963814;25.77583124
5521;17.43383126;20.89138758;13.9958149;25.33438161
5516;16.82166756;20.15513176;13.50704202;24.78475027
5511;15.23019719;18.24105531;12.23635457;23.34639195
5506;14.2980882;17.11999854;11.49212553;22.5063779
5501;13.72502415;16.43076828;11.03457119;21.99223066
5496;13.32198755;15.94603154;10.71277302;21.63244649
5491;13.37198201;16.0061592;10.75269153;21.67593948
5486;13.39373546;16.03232117;10.77006136;21.69539648
5481;13.30366844;15.92399572;10.69814958;21.61635463
5476;13.16432368;15.75640353;10.58689261;21.49403884
5471;14.40856436;17.25286161;11.58034126;22.61788569
5466;17.02612628;20.40102514;13.67030022;24.97841699
5461;18.37333108;22.02131911;14.74595918;26.19552409
5456;19.08853961;22.88150568;15.31700899;26.84384237
5451;19.54033364;23.42488136;15.67773894;27.25506805
5446;21.15588309;25.36791586;16.9676541;28.71002932
5441;22.1791128;26.59856226;17.78463932;29.63350939
5436;22.8104672;27.35789683;18.28873684;30.20542994
5431;23.25578229;27.89348031;18.64429368;30.61049645
5426;22.80004814;27.34536403;18.28041957;30.19824155
5421;22.14535167;26.55795404;17.75768658;29.60586365
5416;21.9058677;26.26992378;17.56647456;29.39097031
5411;21.86217542;26.2173739;17.53158982;29.35415894
5406;21.3700274;25.62546241;17.13864146;28.91176176
5401;19.09553575;22.88991073;15.32260423;26.85589916
5396;17.87910026;21.42689243;14.35135803;25.75820527
5391;17.23842331;20.65634396;13.83981865;25.18196458
5386;16.86583669;20.20823008;13.54233247;24.84859104
5381;15.62341574;18.71395888;12.55033845;23.72461095
5376;14.63264041;17.52234409;11.75926756;22.82919485
5371;14.03743781;16.80648808;11.28403652;22.2932045
5366;13.6310023;16.3176639;10.95952406;21.92877791
5361;12.72618673;15.2294337;10.23708657;21.11204229
5356;11.28777321;13.49944061;9.088604789;19.81099872
5351;10.40747714;12.44070025;8.385744543;19.01673139
5346;9.808289568;11.72005155;7.907331676;18.47775442
5341;9.419442423;11.25238112;7.596862349;18.12925077
5336;12.35656971;14.78488913;9.941973643;20.77588742
5331;14.01585715;16.78052804;11.26681046;22.27236302
5326;14.80143765;17.72535201;11.89404744;22.98242807
5321;15.18230192;18.18342027;12.19814404;23.32828518
5316;16.97837434;20.3435717;13.632195;24.94724514
5311;18.98853999;22.76121494;15.23718589;26.75886669
5306;20.08532968;24.08033297;16.11290371;27.74892365
5301;20.74333332;24.8717192;16.63827855;28.34435808
5296;21.42445562;25.69091046;17.18211217;28.95980447
5291;22.78575049;27.32815121;18.26902063;30.1842082
5286;23.65001805;28.3676129;18.95908414;30.96331965
5281;24.2426356;29.08035877;19.43225227;31.4990999
5276;24.70449464;29.63584024;19.80101796;31.917788
5271;25.08225454;30.09017497;20.1026358;32.25499737
5266;25.42833069;30.50640338;20.37895615;32.56506771
5261;25.76028438;30.9056466;20.6440006;32.86481566
5256;26.08148075;31.2919519;20.90045599;33.15605829
5251;26.21267739;31.44974288;21.00520857;33.27330685
5246;26.15802349;31.3840098;20.96157121;33.22009116
5241;26.26009621;31.50677321;21.04307016;33.31139818
5236;26.43742169;31.72004379;21.18465369;33.47221241
5231;26.63763364;31.96084013;21.3445106;33.65432438
5226;26.45082835;31.73616749;21.19535867;33.48060331
5221;26.42879152;31.70966332;21.17776395;33.45867679
5216;26.51616;31.81474186;21.24752244;33.53760009
5211;26.65277141;31.97904532;21.3565983;33.66201516
5206;24.38622846;29.25305411;19.5469071;31.61346245
5201;21.6711528;25.98760872;17.37909083;29.15955297
5196;20.27652684;24.31027967;16.26557028;27.90010805
5191;19.513913;23.39307714;15.65667151;27.21243746
5186;18.3200177;21.95716864;14.70342171;26.13468422
5181;14.80178298;17.7257569;11.89433359;22.95431767
5176;12.76157918;15.27198583;10.26535985;21.11115038
5171;11.52747881;13.78772237;9.280008809;19.99732581
5166;10.67379907;12.76099413;8.598399617;19.22774971
5161;10.09937526;12.07012939;8.139758637;18.70462421
5156;9.600340414;11.46993564;7.741310988;18.25099423
5151;9.117789069;10.88956676;7.356024364;17.8146651
5146;8.649973095;10.32692025;6.982502996;17.39283921
5141;8.527606205;10.17974837;6.884800912;17.28026314
5136;8.744018491;10.44002918;7.05759261;17.47070251
5131;8.671618591;10.35295305;6.999785998;17.40356713
5126;8.45994259;10.09836836;6.830776202;17.21232798
5121;8.197061447;9.782198797;6.620882323;16.97552021
5116;8.297851072;9.903419234;6.701356571;17.06037659
5111;8.234348098;9.827043544;6.650653549;17.0000512
5106;8.063781791;9.621901861;6.514467211;16.84521397
5101;7.846124488;9.360123434;6.34068168;16.64892839
5096;8.700212242;10.38734214;7.022616919;17.41577302
5091;9.753329133;11.65393493;7.863464355;18.36168666
5086;10.21252918;12.20621875;8.23010667;18.77435029
5081;10.38904565;12.41851659;8.371043993;18.93327661
5076;10.0444884;12.00411453;8.095936837;18.62108395
5071;8.313827151;9.922633114;6.714113128;17.05303666
5066;7.311521477;8.7171513;5.913835361;16.1456078
5061;6.709066019;7.992572836;5.432812744;15.60087931
5056;6.293102155;7.492289441;5.100691885;15.22537949
5051;6.859630404;8.173657888;5.553028954;15.73100209
5046;7.299089973;8.702199731;5.903909696;16.12340332
5041;7.43455617;8.865126099;6.012070914;16.24387617
5036;7.42917034;8.858648512;6.007770673;16.23843573
5031;8.133907663;9.706242227;6.570458937;16.87136459
5026;9.570929344;11.43456072;7.717830028;18.16244842
5021;10.29504634;12.30546255;8.295991726;18.8132151
5016;10.6643116;12.7495811;8.590826704;19.1453221
5011;10.80547961;12.91936513;8.70354043;19.27221644
5006;8.171972312;9.752022996;6.600851073;16.88841864
5001;6.586865852;7.845601692;5.335243599;15.45389597
4996;5.72225886;6.805731375;4.644909457;14.67173794
4991;5.193077845;6.169280806;4.222391778;14.19335417
4986;4.964353935;5.894192617;4.039770113;13.98201428
4981;4.838105716;5.742352837;3.93896881;13.86260495
4976;4.671757778;5.542284783;3.806150414;13.70976659
4971;4.488344932;5.321692621;3.659706764;13.54291275
4966;4.749743234;5.636078708;3.868416734;13.77665204
4961;6.538778637;7.787767253;5.296848495;15.38418904
4956;7.456511434;8.891532566;6.029600121;16.20865395
4951;7.89975328;9.424623483;6.383500669;16.6067273
4946;8.122908784;9.693014643;6.561676161;16.80709372
4941;6.879723253;8.197824662;5.569070895;15.67851161
4936;5.847301721;6.956122384;4.744747373;14.74160308
4931;5.288648013;6.284224803;4.298697547;14.2346966
4926;4.951854294;5.879160171;4.029788914;13.92922538
4921;4.517033738;5.356197822;3.682612038;13.53276903
4916;3.933319377;4.65415961;3.216552856;12.99920528
4911;3.555547706;4.199810462;2.914925906;12.65458509
4906;3.281081075;3.869707185;2.695781502;12.40479262
4901;3.056325957;3.599392382;2.516328599;12.20051079
4896;2.862665119;3.366474963;2.361702516;12.01774481
4891;2.679775096;3.146511692;2.215676242;11.84779376
4886;2.50304997;2.933962996;2.074572245;11.68552129
4881;2.330790797;2.726785541;1.937034024;11.52833256
4876;2.967013587;3.491976364;2.445017603;12.09668101
4871;3.758090232;4.443411268;3.076642206;12.80423219
4866;4.114501137;4.872069915;3.361213653;13.12225938
4861;4.263690667;5.051501618;3.480331911;13.25465577
4856;4.896740552;5.812876391;3.985782118;13.82288805
4851;7.452284948;8.886452057;6.026222831;16.12127771
4846;8.862254015;10.5822343;7.151993956;17.38906499
4841;9.647361451;11.52649003;7.778852508;18.09475204
4836;10.13993895;12.11891746;8.172144369;18.53735265
4831;11.50561341;13.76142623;9.262549031;19.76234836
4826;12.60892309;15.08838659;10.14347197;20.75201977
4821;13.30567006;15.92637044;10.69978026;21.37719574
4816;13.80707923;16.52941981;11.10012363;21.82728679
4811;14.95150716;17.90583345;12.0138769;22.85518717
4806;16.77275726;20.096267;13.46802993;24.49118961
4801;17.89831915;21.44999029;14.36671985;25.50241454
4796;18.67304727;22.38176276;14.98529115;26.19860772
4791;19.24076491;23.06456191;15.43857763;26.70862075
4786;18.05841585;21.64254062;14.49454634;25.63265266
4781;17.5022905;20.97368404;14.05051514;25.12494652
4776;17.3766131;20.82253095;13.95016944;25.00783519
4771;17.44687292;20.90703328;14.00626726;25.06861121
4766;16.7603851;20.0813886;13.45814984;24.44230545
4761;15.95284894;19.11015805;12.81338298;23.70620148
4756;15.61974368;18.70952968;12.54741922;23.401034
4751;15.5119305;18.57986205;12.46133697;23.30057987
4746;14.81680702;17.74383123;11.90632452;22.66923089
4741;11.8249067;14.1454469;9.517480737;19.96014764
4736;10.19467866;12.18475768;8.215846313;18.48325374
4731;9.306611009;11.11667122;7.50678011;17.67799773
4726;8.7651438;10.46544414;7.074452478;17.1864712
4721;7.588416086;9.050183715;6.134909437;16.11604788
4716;6.645030061;7.915565374;5.381675002;15.25767608
4711;6.035805643;7.182846113;4.895247511;14.70331329
4706;5.587770179;6.643990212;4.537519221;14.2956317
4701;6.013818154;7.156402084;4.877691381;14.67429606
4696;7.262793291;8.658555624;5.874918932;15.79292297
4691;7.816708807;9.324754905;6.317185246;16.28734038
4686;8.02699088;9.577663252;6.485081945;16.47322506
4681;8.072222926;9.632064496;6.521196613;16.51079961
4676;7.698393245;9.182456556;6.222716927;16.16362571
4671;7.431949314;8.862002392;6.009977987;15.91646322
4666;7.246163329;8.638556246;5.861639328;15.74421079
4661;7.098586554;8.46106465;5.743808311;15.60749686
4656;6.983322503;8.322435856;5.651776962;15.49582885
4651;6.88026854;8.198492244;5.569494596;15.39462905
4646;6.775259515;8.072197261;5.485651234;15.29442811
4641;6.670277753;7.945935068;5.401829639;15.19563971
4636;6.677368428;7.95446337;5.40749081;15.19715006
4631;7.0627229;8.417932827;5.71517175;15.53515102
4626;7.234411791;8.624424836;5.852254206;15.68359958
4621;7.290116056;8.691421131;5.896730255;15.72921084
4616;7.292485877;8.694271628;5.898622115;15.72761101
4611;6.322365902;7.527500202;5.124042268;14.84276566
4606;5.521849488;6.564712453;4.484880155;14.11244884
4601;5.062654173;6.012434558;4.118241388;13.69260313
4596;4.764361333;5.653675469;3.880073087;13.41918074
4591;4.897465742;5.8137616;3.986348248;13.53258066
4586;5.417070177;6.438694673;4.401219274;13.9920683
4581;5.633971321;6.699563869;4.574400834;14.18144869
4576;5.700861891;6.780014047;4.627808421;14.23704166
4571;5.719311416;6.802203761;4.642538891;14.24956475
4566;6.572215169;7.827998861;5.323528395;15.00863823
4561;7.061778284;8.416801007;5.714413331;15.44289318
4556;7.30709755;8.711848945;5.910284967;15.65883497
4551;7.438286221;8.869631023;6.015030525;15.77282923
4546;6.779861049;8.077737653;5.489319273;15.17008133
4541;5.956624231;7.087623881;4.832016323;14.41804015
4536;5.520071009;6.562577841;4.483455814;14.01774487
4531;5.268120174;6.259554701;4.282288655;13.78544182
4526;5.498205072;6.536280137;4.465996597;13.98733003
4521;7.113697309;8.479247046;5.755864835;15.43465653
4516;7.980616609;9.521898767;6.44804484;16.20967737
4511;8.437867787;10.07183907;6.813130711;16.61681218
4506;8.704605982;10.39264775;7.026103992;16.8529329
4501;9.885134781;11.81248034;7.968681383;17.90817676
4496;10.83055719;12.94954843;8.723541162;18.75269906
4491;11.38689702;13.61866352;9.167743062;19.24850376
4486;11.75817844;14.06520725;9.464187506;19.57850273
4481;11.39447573;13.62777916;9.173793507;19.24266541
4476;10.3508903;12.37265021;8.340556078;18.29050601
4471;9.867919159;11.79177695;7.954933769;17.84738409
4466;9.6625686;11.54480038;7.790973969;17.65641247
4461;9.547900048;11.40688786;7.699418026;17.54793016
4456;7.925282341;9.455351768;6.403859882;16.07197977
4451;6.960844518;8.295414352;5.633816823;15.19313374
4446;6.438820132;7.667571426;5.217012961;14.71568335
4441;6.123681906;7.288552287;4.965394636;14.42600367
4436;6.422025212;7.647372733;5.203602583;14.68587599
4431;6.865084974;8.180244922;5.557357483;15.07580476
4426;7.05198718;8.405034187;5.706586745;15.23731588
4421;7.117696918;8.484064214;5.759051471;15.29083997
4416;7.576410321;9.035763174;6.125304815;15.69820447
4411;9.530559718;11.38603602;7.685569399;17.45030873
4406;10.60492864;12.67818923;8.543384806;18.41169312
4401;11.19974789;13.39358389;9.018310077;18.94212397
4396;11.5707323;13.83977043;9.314517355;19.27146835
4391;11.92842574;14.2699718;9.600112629;19.58324533
4386;12.21629375;14.61619352;9.829956706;19.83346739
4381;12.44318094;14.88907307;10.01111144;20.03108429
4376;12.63884909;15.12440523;10.16733975;20.20173606
4371;12.50778666;14.96677566;10.06269432;20.07500097
4366;12.06189443;14.43049755;9.706677168;19.66140462
4361;11.88905139;14.22261809;9.568672558;19.49731885
4356;11.85066779;14.17645417;9.538025316;19.45618101
4351;11.82801586;14.14921086;9.519938816;19.42989038
4346;9.886301641;11.81389462;7.969602215;17.66510263
4341;8.741292638;10.43678268;7.055384437;16.62243893
4336;8.135780685;9.708528547;6.571920999;16.06878942
4331;7.782149997;9.283214207;6.28956885;15.74351926
4326;7.641539762;9.114101419;6.17730009;15.60638557
4321;7.576050661;9.035337475;6.125010815;15.53649912
4316;7.488172638;8.929646179;6.054845394;15.44917178
4311;7.391351833;8.813199325;5.977539725;15.35516331
4306;7.087356666;8.447582067;5.734818407;15.07333516
4301;6.088550388;7.246309448;4.937334283;14.15954929
4296;5.488711314;6.524878154;4.458400282;13.60911391
4291;5.108020677;6.067018589;4.15444247;13.25830059
4286;4.83089976;5.733723228;3.933178541;13.00188398
4281;4.640482143;5.504706686;3.781141712;12.81814538
4276;4.468873596;5.298311976;3.64412274;12.65284505
4271;4.298273242;5.093129827;3.507908749;12.4908852
4266;4.130278199;4.891081107;3.373774934;12.33248725
4261;3.637622624;4.298560339;2.980420183;11.87857121
4256;2.82591877;3.322317429;2.332325525;11.1339873
4251;2.314107018;2.706757361;1.923675775;10.66314024
4246;1.953512014;2.273066994;1.63576305;10.33036514
4241;1.706115864;1.975521873;1.438232463;10.10040193
4236;3.255036808;3.838422945;2.674947661;11.48507204
4231;4.11357653;4.870996517;3.36043704;12.24977125
4226;4.500124597;5.335901622;3.669070884;12.59061663
4221;4.668079677;5.537903041;3.803172028;12.73523891
4216;4.489714653;5.323382261;3.660758432;12.56319334
4211;4.217620851;4.996133066;3.443508324;12.3060085
4206;4.055951811;4.801692691;3.314425417;12.15124767
4201;3.94689648;4.670531283;3.227351235;12.045361
4196;3.930220183;4.650474942;3.214035877;12.02200213
4191;4.156332446;4.922422514;3.394571852;12.21286979
4186;4.255561655;5.041766734;3.47379972;12.29250861
4181;4.285262824;5.077488977;3.497513839;12.31123953
4176;4.282741077;5.074456438;3.495499994;12.30181483
4171;4.845121317;5.750836449;3.944524733;12.796643
4166;5.289635391;6.285457795;4.299440778;13.18656059
4161;5.518608499;6.56084614;4.482260964;13.38438356
4156;5.645878017;6.713914692;4.583877253;13.49163019
4151;5.780579398;6.875921603;4.691427411;13.60307266
4146;5.946439148;7.075402949;4.823855558;13.73990929
4141;6.050236594;7.200241427;4.906730874;13.82381944
4136;6.122431526;7.287071291;4.964373578;13.88080772
4131;6.14445906;7.31356439;4.981960782;13.89317037
4126;4.676108221;5.547566464;3.809574957;12.55392423
4121;3.800341066;4.494274089;3.110329789;11.75258355
4116;3.328361127;3.926620107;2.733483216;11.31777999
4111;3.044500853;3.585219283;2.506838317;11.05381202
4106;2.730056006;3.207034112;2.255773549;10.75812803
4101;2.435591754;2.852879774;2.02066202;10.47992801
4096;2.226899207;2.60188382;1.854033793;10.28190315
4091;2.06050981;2.401766236;1.721181963;10.12344769
4086;2.380188072;2.786246461;1.976424482;10.40282455
4081;4.288730674;5.081667666;3.500274895;12.11126187
4076;5.302780744;6.301274914;4.309929478;13.01570332
4071;5.828851622;6.933985338;4.729963475;13.48158522
4066;6.128138277;7.293940402;4.968924583;13.74372044
4061;7.207037818;8.591542662;5.830357348;14.70388562
4056;8.065173572;9.623630396;6.515524168;15.46627564
4051;8.573176056;10.2346098;6.92113168;15.91510202
4046;8.91433854;10.64492929;7.193527986;16.21456696
4041;8.570479114;10.23136697;6.918977541;15.89328874
4036;7.591564237;9.054017932;6.137375409;14.99614724
4031;7.137710435;8.508164419;5.7750014;14.57595863
4026;6.943794326;8.274940229;5.620171228;14.39196368
4021;6.84769016;8.159355315;5.543437719;14.29689498
4016;5.896899584;7.015831613;4.784291071;13.42392998
4011;5.337655919;6.34322479;4.33776991;12.90743527
4006;5.039562975;5.984706214;4.099761114;12.62874877
4001;4.863513879;5.772970835;3.959196624;12.46126494
3996;5.213649972;6.194082973;4.238757788;12.76455034
3991;5.680002409;6.75496952;4.611110364;13.17217299
3986;5.905724963;7.026448409;4.791335172;13.36539387
3981;6.016900477;7.160160574;4.880101399;13.45662736
3976;6.093548612;7.252346352;4.941299693;13.51585665
3971;6.207581155;7.389494663;5.032347073;13.60393626
3966;6.274430433;7.469895262;5.085721596;13.65271713
3961;6.316099665;7.520011606;5.118991443;13.68061518
3956;6.345664796;7.555570247;5.14259693;13.69851589
3951;6.075977971;7.23121596;4.927268631;13.44077156
3946;5.8590225;6.970282131;4.754042986;13.23208193
3941;5.747358613;6.835983406;4.664886022;13.1208501
3936;5.684950936;6.760925554;4.61505703;13.05528417
3931;5.799622597;6.898842562;4.706614705;13.14702194
3926;6.07672249;7.232113416;4.927861064;13.38262595
3921;6.219553386;7.40389778;5.041902108;13.50013797
3916;6.2953994;7.495118845;5.102459956;13.55879654
3911;6.327676415;7.533939097;5.12823071;13.57878556
3906;5.810833614;6.912328183;4.715563985;13.09665266
3901;5.502191376;6.541121892;4.469132254;12.80552046
3896;5.33654792;6.341901477;4.336876016;12.64556484
3891;5.237466085;6.2227353;4.257765026;12.5467397
3886;4.752725142;5.639733559;3.870729565;12.09574479
3881;4.204308142;4.980148069;3.432852787;11.58673474
3876;3.889839896;4.601934781;3.18176933;11.29163064
3871;3.687941986;4.359110816;3.020566184;11.09951308
3866;3.486948473;4.117374573;2.860085147;10.907369
3861;3.134392559;3.693352904;2.57859111;10.57355122
3856;2.896635175;3.40740043;2.388756447;10.34662378
3851;2.721766747;3.197085054;2.249134643;10.17829629
3846;2.577431957;3.023492751;2.13389202;10.03845252
3841;3.845878935;4.549065373;3.146666449;11.16807465
3836;4.856195286;5.764182045;3.953339867;12.06619903
3831;5.360951846;6.371257557;4.356355708;12.51048834
3826;5.62865363;6.693225229;4.570098277;12.74204838
3821;6.377140531;7.593437359;5.167717421;13.4050071
3816;7.654496006;9.129724339;6.187604745;14.54254496
3811;8.37129248;9.991822117;6.759921083;15.17726459
3806;8.807793785;10.51680645;7.10843942;15.56061872
3801;9.072575457;10.83526208;7.319850467;15.78964785
3796;7.579205981;9.039174015;6.127488788;14.42540475
3791;6.735751821;8.024744759;5.454043469;13.65081041
3786;6.339223929;7.547837617;5.137440567;13.28168771
3781;6.149200985;7.319295776;4.985718833;13.09999482
3776;4.764920651;5.654410172;3.880457973;11.83637274
3771;3.181871008;3.750462989;2.616492368;10.39281433
3766;2.320630983;2.714642519;1.928846174;9.603456788
3761;1.805665743;2.095289749;1.517678534;9.128004548
3756;1.581366875;1.825523958;1.338589638;8.914036439
3751;1.86969005;2.172293168;1.56879707;9.157821587
3746;1.949672479;2.268489146;1.632657575;9.216864364
3741;1.915616037;2.227529577;1.605465244;9.174830221
3736;1.831032733;2.125800911;1.537930406;9.088123175
3731;2.81515729;3.309416493;2.323691336;9.96035581
3726;3.582645932;4.232482172;2.936482162;10.63854017
3721;3.948869149;4.672942432;3.228887876;10.9570156
3716;4.127218439;4.887445085;3.371288119;11.10714797
3711;4.232232986;5.013747406;3.455135206;11.18858631
3706;4.309726637;5.106950106;3.517008601;11.24246277
3701;4.354528489;5.160834094;3.552779652;11.26992164
3696;4.382851845;5.194899252;3.575393661;11.28411006
3691;4.38450396;5.196886674;3.576712365;11.27488013
3686;3.597226208;4.250021267;2.948120355;10.54710066
3681;3.123341531;3.680076442;2.569752938;10.10525911
3676;2.862983812;3.366942353;2.361873322;9.858246794
3671;2.702069861;3.17341015;2.23339328;9.702042064
3666;1.901805557;2.210925709;1.594432353;8.964712213
3661;0.994579464;1.119797394;0.870069192;8.130302814
3656;0.471350922;0.490506277;0.452303829;7.645219367
3651;0.132899863;0.08344865;0.18207162;7.328290387
3646;-0.187276496;-0.301629839;-0.073569398;7.027012537
3641;-0.69925365;-0.917388819;-0.482351249;6.547746826
3636;-1.055318388;-1.345630575;-0.766646875;6.212477692
3631;-1.325904565;-1.671066521;-0.982693266;5.956196594
3626;-1.554638309;-1.946166179;-1.165323128;5.738615382
3621;-0.07193373;-0.162904045;0.018522475;7.060038551
3616;1.100398319;1.247070342;0.954555205;8.102816629
3611;1.662622341;1.923262485;1.403455189;8.597405817
3606;1.939213681;2.255921712;1.624295508;8.835425136
3601;2.297994792;2.687431292;1.910759177;9.145111791
3596;2.805374488;3.297661685;2.315869442;9.586184887
3591;3.087951156;3.637519517;2.541488674;9.827460472
3586;3.258050286;3.842099633;2.677301689;9.968826936
3581;3.337606288;3.93778274;2.740821731;10.02913115
3576;1.808222213;2.098379587;1.519704679;8.630827076
3571;0.902662696;1.009255669;0.79667216;7.798625813
3566;0.423542979;0.433014616;0.414124902;7.3534081
3561;0.142613032;0.095138129;0.189819668;7.08811671
3556;1.838348328;2.134614152;1.543756847;8.602654745
3551;3.933488161;4.654457494;3.216593337;10.47710931
3546;5.026482723;5.969011986;4.089280091;11.44989641
3541;5.639866536;6.706734451;4.579027938;11.99122806
3536;5.836281926;6.942965355;4.73585282;12.15540439
3531;5.270466303;6.262454362;4.284084347;11.62678005
3526;5.026296459;5.968789559;4.089129728;11.39172712
3521;4.958924089;5.887760624;4.035336735;11.31807801
3516;4.971155882;5.902472311;4.045102642;11.31720021
3511;4.060006216;4.806625103;3.317606762;10.47740241
3506;3.346853556;3.948910613;2.748198989;9.817763502
3501;2.990041357;3.51976989;2.463306573;9.482155923
3496;2.800118437;3.291348353;2.311664709;9.298380009
3491;2.9071671;3.420097119;2.397135901;9.380112474
3486;3.266632164;3.852429285;2.684145651;9.686927418
3481;3.445578512;4.067650021;2.827022605;9.833911915
3476;3.534582883;4.17469676;2.89808657;9.901326107
3471;3.573954927;4.222050267;2.929522256;9.924600509
3466;3.24023311;3.820680529;2.663066029;9.604618309
3461;3.039979769;3.579834494;2.503175961;9.408193017
3456;2.932344682;3.450381242;2.417235729;9.297477797
3451;2.867773793;3.372721676;2.365679542;9.226688534
3446;3.047908181;3.589371279;2.509505075;9.372635279
3441;3.279978235;3.86848436;2.694797961;9.564908362
3436;3.394717563;4.006482755;2.786409667;9.65405957
3431;3.453392065;4.077051495;2.833257148;9.694005998
3426;3.238395559;3.818473728;2.661595605;9.486123491
3421;2.170842223;2.534518425;1.80922125;8.503921734
3416;1.577211099;1.820553501;1.335243865;7.952721329
3411;1.242698167;1.418232286;1.068156;7.63721966
3406;1.028946672;1.161151903;0.89748852;7.431634182
3401;0.854066731;0.950822705;0.757857541;7.255562542
3396;0.710588601;0.778260734;0.643298924;7.109298076
3391;0.588178467;0.631037415;0.545561763;6.984481999
3386;0.476953576;0.497266681;0.45675531;6.87097515
3381;0.330358142;0.320955483;0.339707704;6.723038371
3376;0.146803551;0.100193182;0.193150537;6.539023088
3371;0.004109649;-0.071425611;0.079218056;6.394972732
3366;-0.117289743;-0.217433311;-0.0177121;6.271743458
3361;-0.198694925;-0.315339626;-0.082709403;6.185262803
3356;0.97802816;1.099915872;0.856829287;7.227703974
3351;1.653803216;1.912676817;1.396392602;7.821141617
3346;1.988450101;2.315159942;1.663586609;8.108833639
3341;2.164327877;2.526690079;1.804013507;8.254297518
3336;3.727862381;4.407167044;3.052396709;9.648011546
3331;5.531557228;6.576486945;4.492532786;11.25792514
3326;6.523152746;7.769087912;5.284258811;12.13768865
3321;7.124487223;8.492318528;5.76438603;12.66663575
3316;7.232418181;8.622128437;5.850561686;12.74944579
3311;6.201039542;7.381680786;5.02707055;11.79914268
3306;5.723900365;6.807821756;4.646104637;11.35232768
3301;5.549377883;6.597922455;4.506759051;11.18046927
3296;5.512636125;6.553733228;4.477422676;11.13388741
3291;3.673899009;4.342268493;3.009306757;9.455437415
3286;2.21886166;2.592282808;1.847550881;8.124743962
3281;1.457521276;1.676612503;1.239668243;7.422547008
3276;1.022250575;1.153109044;0.892131664;7.015842949
3271;0.566305365;0.604740175;0.528087798;6.587972594
3266;0.013106671;-0.060596304;0.086393168;6.06960857
3261;-0.346693902;-0.493331181;-0.200885274;5.728874949
3256;-0.608810381;-0.808580549;-0.410169134;5.477904458
3251;-0.846136054;-1.094013798;-0.599659101;5.249961966
3246;-2.050038247;-2.541957067;-1.560899395;4.143145658
3241;-2.840500455;-3.492652456;-2.192033963;3.412561464
3236;-3.350137294;-4.105596725;-2.598947204;2.937545176
3231;-3.726358935;-4.55808137;-2.899336832;2.583997535
3226;-4.389181379;-5.355263291;-3.42855911;1.967683086
3221;-5.084960188;-6.192082117;-3.984094965;1.321080827
3216;-5.571112445;-6.776781266;-4.372257251;0.866436537
3211;-5.954059732;-7.2373549;-4.678016883;0.50632936
3206;-6.05776492;-7.362081633;-4.760819328;0.39739823
3201;-5.360339671;-6.523281818;-4.203969695;1.006601513
3196;-5.089308327;-6.197309662;-3.987568676;1.234271755
3191;-5.049475829;-6.14940237;-3.955765339;1.25513051
3186;-5.114789433;-6.227955211;-4.007914527;1.182024805
3181;-5.792397502;-7.042919942;-4.548942194;0.550756473
3176;-6.383076614;-7.753334456;-5.020562576;-0.000590527
3171;-6.77600274;-8.225909732;-5.334289681;-0.371030022
3166;-7.074808238;-8.585285309;-5.572867406;-0.655310196
3161;-6.832978034;-8.294433622;-5.379781657;-0.454173764
3156;-6.081169223;-7.390226227;-4.779510189;0.204496399
3151;-5.764933451;-7.009886316;-4.527016291;0.473150947
3146;-5.664674308;-6.889303375;-4.446966094;0.548490274
3141;-5.634291217;-6.85276097;-4.422707512;0.561421206
3136;-4.38592311;-5.351337371;-3.425964771;1.667045596
3131;-3.668310822;-4.488258421;-2.85299705;2.296765816
3126;-3.307706757;-4.054556372;-2.565077861;2.60640956
3121;-3.114188582;-3.821809979;-2.410566209;2.766320156
3116;-2.864233334;-3.521186215;-2.210993115;2.973056057
3111;-2.627192457;-3.236094674;-2.021731329;3.167592487
3106;-2.483381331;-3.063131375;-1.906907617;3.280759523
3101;-2.385654341;-2.945593871;-1.828879178;3.353730699
3096;-2.47864704;-3.057436603;-1.903128374;3.253737855
3091;-3.152851269;-3.868307519;-2.441438291;2.624316241
3086;-3.509362054;-4.297085757;-2.726090045;2.28490086
3081;-3.693101601;-4.518070517;-2.87279487;2.103257435
3076;-3.797402774;-4.643514051;-2.956073168;1.994237483
3071;-3.577771813;-4.379361574;-2.780712101;2.171999867
3066;-3.39597579;-4.160713508;-2.635559845;2.317084606
3061;-3.311224177;-4.058781604;-2.567891424;2.377022634
3056;-3.272147143;-4.011782915;-2.536691272;2.396955247
3051;-3.258809551;-3.995741282;-2.526042439;2.391151338
3046;-3.260070405;-3.997257329;-2.527049542;2.369450807
3041;-3.262726321;-4.000451228;-2.529170515;2.349580727
3036;-3.266365326;-4.004827496;-2.532076423;2.330427532
3031;-3.273312184;-4.013182148;-2.537623443;2.308944182
3026;-3.384691509;-4.147138648;-2.626553192;2.186672932
3021;-3.45507163;-4.231785046;-2.682747668;2.104506864
3016;-3.497714191;-4.283071234;-2.716795451;2.049497833
3011;-3.527708092;-4.319144768;-2.740744079;2.006966528
3006;-4.521554908;-5.514452589;-3.534268415;1.090449265
3001;-5.695742697;-6.926658067;-4.471783632;0.010630463
2996;-6.342020572;-7.703941699;-4.987796109;-0.589978755
2991;-6.73527458;-8.176911323;-5.301784999;-0.960838426
2986;-6.806062657;-8.262048369;-5.358305202;-1.041511662
2981;-6.12796852;-7.446498268;-4.816890237;-0.451203627
2976;-5.816639058;-7.072059227;-4.568313709;-0.188612375
2971;-5.706005603;-6.938999019;-4.479980271;-0.105302921
2966;-5.687280629;-6.916477941;-4.465029953;-0.104010096
2961;-5.698393318;-6.929842866;-4.473903123;-0.135211758
2956;-5.731107916;-6.969188598;-4.500024054;-0.184440318
2951;-5.777126817;-7.024535535;-4.536767631;-0.243239701
2946;-5.829279145;-7.0872592;-4.578408362;-0.306358174
2941;-5.605034782;-6.817558159;-4.39936378;-0.122534863
2936;-5.107476052;-6.219139549;-4.002094924;0.305233583
2931;-4.862844679;-5.924918874;-3.8067726;0.507825009
2926;-4.744312716;-5.782359059;-3.712132697;0.598216271
2921;-4.68823836;-5.714917551;-3.66736125;0.632895156
2916;-4.81575703;-5.868284986;-3.769177256;0.495344166
2911;-4.894321188;-5.962774398;-3.83190617;0.405078458
2906;-4.93732498;-6.014495046;-3.866242374;0.349030301
2901;-4.964376533;-6.047029797;-3.887841721;0.308441781
2896;-6.130977491;-7.450110529;-4.81929933;-0.764698347
2891;-7.510915181;-9.109773205;-5.921092851;-2.030918256
2886;-8.26677439;-10.01885126;-6.524599102;-2.731136018
2881;-8.723634345;-10.56832032;-6.889373323;-3.160111015
2876;-8.85610088;-10.72763858;-6.995139876;-3.297159587
2871;-8.295682754;-10.05361844;-6.547681768;-2.81376425
2866;-8.059165729;-9.769156974;-6.358838242;-2.61940089
2861;-8.000035237;-9.698039829;-6.311626663;-2.583282098
2856;-8.021646407;-9.724031385;-6.328882205;-2.619101452
2851;-7.590299251;-9.20524602;-5.984479108;-2.251691484
2846;-7.268699934;-8.818455336;-5.727702734;-1.981859686
2841;-7.133160433;-8.655440412;-5.619483381;-1.877510134
2836;-7.084839507;-8.597324027;-5.580902555;-1.850658588
2831;-7.527164803;-9.129312129;-5.934071774;-2.269121068
2826;-8.431268224;-10.21668481;-6.655941687;-3.10705897
2821;-8.93780708;-10.82590312;-7.060381382;-3.583104495
2816;-9.24601637;-11.19658873;-7.306467433;-3.878552602
2811;-9.476066346;-11.47327146;-7.490148205;-4.102805887
2806;-10.27508407;-12.43425664;-8.128113811;-4.847089304
2801;-10.80542702;-13.07210433;-8.551559568;-5.345789477
2796;-11.15617169;-13.49394761;-8.831607431;-5.680277452
2791;-11.42169769;-13.81329766;-9.043613567;-5.936792414
2786;-11.26430046;-13.62399425;-8.917942192;-5.815727005
2781;-11.01379536;-13.32270919;-8.717930058;-5.611174699
2776;-10.95891299;-13.2567013;-8.674110328;-5.580400159
2771;-10.99621762;-13.30156752;-8.7038961;-5.631428026
2766;-10.4716867;-12.67070922;-8.285091655;-5.176237521
2761;-7.918128402;-9.599522032;-6.246236933;-2.894733878
2756;-6.542186888;-7.944664805;-5.147634876;-1.672740194
2751;-5.808475906;-7.062223832;-4.561813356;-1.028512363
2746;-5.374271879;-6.540002483;-4.215129233;-0.653657931
2741;-3.173368883;-3.892956913;-2.4578475;1.310077177
2736;-1.406093793;-1.7674394;-1.046790279;2.883932776
2731;-0.372302614;-0.524089369;-0.221373661;3.798256308
2726;0.312779541;0.299865285;0.325620814;4.399087125
2721;0.705120441;0.771737485;0.638879874;4.733213571
2716;0.890401098;0.994576532;0.7868144;4.877747908
2711;1.14472475;1.300454188;0.9898754;5.087684325
2706;1.429514362;1.642973517;1.217261547;5.326721677
2701;1.732573609;2.007465895;1.459234844;5.582903838
2696;2.426152846;2.841640069;2.013013704;6.18499399
2691;2.958175545;3.481508787;2.437799866;6.644384042
2686;3.377311223;3.985607299;2.772452868;7.004018719
2681;3.740141593;4.421986927;3.062149635;7.313901441
2676;3.902438193;4.617182856;3.191732845;7.43869501
2671;4.014954163;4.752507189;3.281569362;7.518019026
2666;4.208434088;4.985207568;3.436050489;7.673185172
2661;4.43747195;5.260673785;3.618922384;7.861839139
2656;4.350695984;5.156307955;3.549636874;7.764633329
2651;3.150167317;3.712422035;2.591090135;6.657382036
2646;2.586811222;3.034869125;2.141285474;6.128468607
2641;2.369185213;2.773128804;1.967524464;5.913424206
2636;2.310686987;2.702772855;1.920816944;5.842924676
2631;1.16077651;1.319765901;1.002685639;4.781860884
2626;0.267192043;0.24504447;0.289214472;3.953601406
2621;-0.184730729;-0.2984866;-0.071617711;3.526379181
2616;-0.428655149;-0.591856243;-0.266376341;3.288093062
2611;-0.280885514;-0.414132045;-0.14839199;3.400805855
2606;0.203029674;0.167877327;0.237983366;3.814170184
2601;0.444760298;0.458609224;0.430989636;4.012054138
2596;0.566432654;0.604946;0.528136956;4.103191328
2591;0.604184544;0.650350902;0.558279082;4.119247174
2586;-0.6385919;-0.844346769;-0.433999843;2.973090295
2581;-1.386685682;-1.744085295;-1.031305885;2.276489617
2576;-1.795303081;-2.23553262;-1.357561461;1.888391956
2571;-2.045053317;-2.535909027;-1.556971636;1.644735912
2566;-3.020213243;-3.708741982;-2.335575649;0.7422906
2561;-4.109654012;-5.019021502;-3.205425699;-0.263835296
2556;-4.745165878;-5.78335678;-3.712842179;-0.857517774
2551;-5.161507967;-6.28409466;-4.045265428;-1.252002329
2546;-5.672227246;-6.898340809;-4.453042905;-1.732499671
2541;-6.805750669;-8.261638931;-5.358090175;-2.779960979
2536;-7.526867236;-9.128931733;-5.933856605;-3.451935086
2531;-8.021832147;-9.724229969;-6.329055214;-3.917959295
2526;-8.408347493;-10.18909497;-6.637663692;-4.285175315
2521;-8.036278853;-9.741604399;-6.340590734;-3.973333602
2516;-7.76981714;-9.421128202;-6.127838244;-3.755331637
2511;-7.743899981;-9.389957035;-6.107145398;-3.751983141
2506;-7.828039841;-9.491152403;-6.174326135;-3.846743097
2501;-7.888336079;-9.563670837;-6.222469246;-3.922488735
2496;-7.898086841;-9.575397782;-6.230254986;-3.955336486
2491;-7.98150314;-9.675722915;-6.296858007;-4.051575789
2486;-8.0999416;-9.818169506;-6.391424011;-4.177816362
2481;-8.219638796;-9.962129992;-6.486995038;-4.30453566
2476;-7.75564091;-9.404075316;-6.116522398;-3.91100564
2471;-7.530849548;-9.133716411;-5.937041063;-3.730254002
2466;-7.467582577;-9.057624299;-5.886526754;-3.693152135
2461;-7.478848857;-9.071173978;-5.89552254;-3.722252116
2456;-7.41574379;-8.995276597;-5.84513749;-3.688338572
2451;-7.347891625;-8.91366984;-5.790962179;-3.650682485
2446;-7.346246996;-8.911691461;-5.789649411;-3.670005708
2441;-7.376120813;-8.947620591;-5.813502135;-3.716376723
2436;-7.674504791;-9.306489229;-6.051743276;-4.005915122
2431;-8.841253943;-10.70974823;-6.9833192;-5.084035909
2426;-9.5190324;-11.52491791;-7.524482887;-5.717570224
2421;-9.929375522;-12.01844078;-7.852116337;-6.107895712
2416;-10.21473113;-12.36164008;-8.079955144;-6.384487105
2411;-10.41593944;-12.60363471;-8.240607648;-6.59069947
2406;-10.59245747;-12.81593412;-8.381546529;-6.773157955
2401;-10.76252259;-13.02047255;-8.517333155;-6.947354279
2396;-10.92791144;-13.21938679;-8.64938608;-7.116111862
2391;-11.23025052;-13.58301227;-8.890785116;-7.410971182
2386;-11.66773774;-14.1091816;-9.240091408;-7.830520706
2381;-11.97508649;-14.47883227;-9.485490355;-8.12952826
2376;-12.21629361;-14.7689338;-9.678079379;-8.367236347
2371;-12.42423077;-15.01902127;-9.84410444;-8.574260602
2366;-12.56719434;-15.19096441;-9.958252191;-8.729181281
2361;-12.72047298;-15.37531359;-10.08063588;-8.890305403
2356;-12.88125402;-15.56868598;-10.20900976;-9.056074047
2351;-13.04411165;-15.7645559;-10.33904166;-9.222651996
2346;-11.57996911;-14.00361855;-9.170016642;-7.924968503
2341;-9.807666962;-11.87205496;-7.754945635;-6.349712275
2336;-8.917503632;-10.80144741;-7.044206781;-5.567812936
2331;-8.449261244;-10.23828785;-6.670345162;-5.165299238
2326;-7.385015547;-8.958309911;-5.820612521;-4.225729116
2321;-3.724305297;-4.555541429;-2.897766834;-0.947732152
2316;-1.646441295;-2.056475921;-1.23872396;0.905036897
2311;-0.432252953;-0.596160657;-0.26927158;1.980187499
2306;0.376089942;0.376040752;0.37613883;2.68999585
2301;2.952681945;3.474930758;2.433384538;4.990085513
2296;5.056803271;6.005576166;4.113392235;6.865241702
2291;6.390684617;7.609847244;5.178411928;8.047695108
2286;7.355296725;8.769994992;5.948593442;8.898101839
2281;7.699097198;9.18348719;6.223096059;9.185722324
2276;7.516834004;8.964278042;6.077570051;8.99585175
2271;7.681806155;9.16269186;6.209289542;9.122453475
2266;8.013653159;9.561807511;6.474248066;9.401266787
2261;8.373075154;9.994087843;6.76122348;9.705624619
2256;6.914190827;8.239475313;5.596396076;8.362426304
2251;6.206288204;7.388075024;5.031180157;7.700095286
2246;6.003500323;7.144180636;4.869266474;7.495757116
2241;6.032472493;7.179026081;4.892398563;7.501647606
2236;4.432164364;5.254321914;3.61465318;6.033006811
2231;2.55206446;2.993109742;2.113511726;4.311313026
2226;1.635198903;1.890387911;1.381452095;3.461712032
2221;1.178640579;1.3412816;1.016918733;3.028936721
2216;0.596227054;0.640808142;0.551897937;2.481740921
2211;-1.039285081;-1.326236191;-0.753955628;0.979241591
2206;-1.965428548;-2.440116645;-1.493423086;0.120238713
2201;-2.505718294;-3.089927468;-1.924810704;-0.388681946
2196;-2.863737615;-3.520520063;-2.210666892;-0.732169883
2191;-4.002129695;-4.88967376;-3.119601453;-1.785507328
2186;-4.929917131;-6.00553142;-3.860381502;-2.647302377
2181;-5.515692771;-6.710048519;-4.328086727;-3.197992594
2176;-5.937131752;-7.216916488;-4.664579505;-3.59914977
2171;-6.229293226;-7.568301286;-4.89785236;-3.886137357
2166;-6.431810188;-7.811869861;-5.059549738;-4.094938986
2161;-6.655289744;-8.080650321;-5.23798442;-4.319566555
2156;-6.886230179;-8.35840404;-5.422376139;-4.549320136
2151;-7.097438965;-8.61242633;-5.591013381;-4.760607418
2146;-6.456892869;-7.84203558;-5.079578118;-4.209720195
2141;-6.154054368;-7.477808705;-4.83778105;-3.960507382
2136;-6.079483597;-7.388121425;-4.778241355;-3.915179015
2131;-6.109191142;-7.423850586;-4.801961312;-3.962896223
2126;-6.143673274;-7.465322204;-4.829493483;-4.019027932
2121;-6.190932146;-7.522160524;-4.867227077;-4.087231174
2116;-6.269807385;-7.617024114;-4.930204339;-4.181193995
2111;-6.362841506;-7.728916709;-5.004486571;-4.286536405
2106;-6.622647599;-8.041387403;-5.211925691;-4.543226294
2101;-7.430704288;-9.013243849;-5.857108289;-5.299593972
2096;-7.926749617;-9.609841522;-6.253169519;-5.771079787
2091;-8.251529494;-10.00045675;-6.512486101;-6.086148907
2086;-8.495522263;-10.29390862;-6.707299277;-6.327373611
2081;-7.935837184;-9.620770139;-6.260426425;-5.848841778
2076;-7.502074448;-9.099079559;-5.914094615;-5.482482762
2071;-7.336701325;-8.900183507;-5.782054969;-5.355905789
2066;-7.296119985;-8.851375618;-5.749653685;-5.340733801
2061;-7.029179039;-8.53032306;-5.536518545;-5.123775232
2056;-6.509698727;-7.905539205;-5.121746663;-4.681617699
2051;-6.258633805;-7.603580879;-4.921287525;-4.478611872
2046;-6.141010912;-7.462114444;-4.827373423;-4.39442966
2041;-6.107739629;-7.422098427;-4.800808758;-4.385715905
2036;-7.05428899;-8.560521235;-5.55656902;-5.26782419
2031;-7.632254645;-9.255645208;-6.018038462;-5.81417859
2026;-7.956731901;-9.645896476;-6.277113419;-6.129632134
2021;-8.163203003;-9.894220714;-6.441967912;-6.337519132
2016;-8.682941057;-10.51931384;-6.856946301;-6.832234587
2011;-9.245614091;-11.19604523;-7.306205562;-7.366238995
2006;-9.594668477;-11.61585562;-7.584903813;-7.704678003
2001;-9.840492081;-11.91150945;-7.781178797;-7.948552045
1996;-10.30944726;-12.47552557;-8.155610251;-8.394637719
1991;-11.67835056;-14.12191713;-9.248593451;-9.657807816
1986;-12.50614356;-15.11751062;-9.909534243;-10.42933387
1981;-13.03778539;-15.75692053;-10.33401703;-10.93173349
1976;-13.42962425;-16.22818818;-10.64687597;-11.30702648
1971;-11.98902321;-14.49556443;-9.496647346;-10.03410483
1966;-10.85070064;-13.12649362;-8.587768987;-9.032516995
1961;-10.33844822;-12.51040283;-8.178768121;-8.593517505
1956;-10.11845739;-12.2458176;-8.003119685;-8.417064117
1951;-10.03663303;-12.14740638;-7.93778845;-8.367808538
1946;-10.02101412;-12.12862103;-7.925318089;-8.381020806
1941;-10.03248866;-12.14242121;-7.934480138;-8.41559135
1936;-10.05719866;-12.1721398;-7.954209869;-8.460498702
1931;-10.08912665;-12.21053952;-7.979702706;-8.511261031
1926;-10.14249272;-12.27472299;-8.022312489;-8.587904747
1921;-10.19085653;-12.3328902;-8.060928285;-8.656926452
1916;-10.23568748;-12.38680842;-8.09672332;-8.720631798
1911;-10.27912929;-12.43905591;-8.131409212;-8.782017067
1906;-11.01099274;-13.3192741;-8.715756314;-9.468807499
1901;-11.87269478;-14.3556503;-9.403771339;-10.27331701
1896;-12.36011262;-14.94187163;-9.792944054;-10.73726009
1891;-12.66812542;-15.31232097;-10.03887318;-11.03789056
1886;-12.34314656;-14.9214657;-9.77939842;-10.76808105
1881;-10.11514502;-12.24182851;-8.000480201;-8.785674471
1876;-8.930851891;-10.8174685;-7.054897252;-7.741922338
1871;-8.316985969;-10.07916626;-6.564764414;-7.211130364
1866;-7.968238205;-9.659723942;-6.286311689;-6.918672709
1861;-8.351089087;-10.12018169;-6.591994296;-7.292044786
1856;-8.678489204;-10.51394832;-6.853402969;-7.613899685
1851;-8.814647969;-10.67770731;-6.962117494;-7.760718915
1846;-8.862931637;-10.73577815;-7.000669301;-7.827010508
1841;-9.107743674;-11.03021537;-7.196136598;-8.073171162
1836;-9.567205832;-11.58281416;-7.562988458;-8.515770609
1831;-9.806280508;-11.87035101;-7.753874832;-8.756376401
1826;-9.936282737;-12.02670547;-7.857673746;-8.896935726
1821;-9.956445336;-12.05095486;-7.873772651;-8.937705149
1816;-7.39562938;-8.971038858;-5.829123104;-6.655674553
1811;-5.854626459;-7.117660877;-4.598729889;-5.290917377
1806;-5.010458749;-6.102372675;-3.924715604;-4.55292565
1801;-4.492182783;-5.479037311;-3.510905303;-4.10798447
1796;-5.386058169;-6.554108681;-4.224608717;-4.94161416
1791;-6.592270533;-8.004830457;-5.187693491;-6.057667349
1786;-7.153321011;-8.679610411;-5.635657224;-6.588686606
1781;-7.408000869;-8.985915752;-5.839003357;-6.841806436
1776;-7.994997771;-9.691901694;-6.307683673;-7.395677032
1771;-10.12143879;-12.24939048;-8.005512942;-9.343776441
1766;-11.30150165;-13.66866201;-8.947718989;-10.4344768
1761;-11.96680717;-14.46883041;-9.478923796;-11.0587579
1756;-12.39153963;-14.97965949;-9.818046193;-11.4649866
1751;-12.47329237;-15.07798389;-9.883320949;-11.56723768
1746;-12.54244558;-15.16115471;-9.938535765;-11.65664444
1741;-12.66593148;-15.30967194;-10.03713181;-11.79264575
1736;-12.81228747;-15.48569522;-10.15398817;-11.94806656
1731;-12.59955441;-15.22983898;-9.984134588;-11.78191136
1726;-12.02741095;-14.5417167;-9.527314479;-11.29410494
1721;-11.78641865;-14.25187282;-9.334897675;-11.10206813
1716;-11.70908188;-14.15885887;-9.273149484;-11.05612147
1711;-11.66949408;-14.11124594;-9.241541465;-11.04358325
1706;-10.06150027;-12.17729744;-7.957660261;-9.622091364
1701;-9.115492447;-11.03952524;-7.202333072;-8.794933606
1696;-8.616896578;-10.43985931;-6.804236086;-8.369436438
1691;-8.327556486;-10.09186712;-6.573216627;-8.131725485
1686;-7.765674996;-9.416087012;-6.124590069;-7.652149825
1681;-7.18182778;-8.713888537;-5.658425265;-7.153289099
1676;-6.824333721;-8.283926976;-5.372989165;-6.855936396
1671;-6.577126579;-7.986608453;-5.175610208;-6.656717321
1666;-7.03959401;-8.542821716;-5.544861594;-7.098813812
1661;-9.755719326;-11.80952894;-7.713516528;-9.579716673
1656;-11.21528341;-13.56495903;-8.878886647;-10.92327989
1651;-11.98932526;-14.49590556;-9.496910532;-11.64630814
1646;-12.44519288;-15.04418117;-9.860892385;-12.08124859
1641;-12.88548389;-15.57372267;-10.21243731;-12.50769237
1636;-13.22837696;-15.98612281;-10.48621612;-12.84476088
1631;-13.48629416;-16.29632174;-10.69214706;-13.10269759
1626;-13.70184704;-16.55556873;-10.86425277;-13.32117939
1621;-13.39914512;-16.19150616;-10.62256473;-13.07443769
1616;-12.59600342;-15.22556029;-9.981307099;-12.37876539
1611;-12.23352022;-14.78959826;-9.691887479;-12.0776927
1606;-12.08929171;-14.61613304;-9.576730453;-11.97198555
1601;-12.06553511;-14.58756043;-9.557762641;-11.97434392
1596;-12.95611621;-15.65866973;-10.26883578;-12.80842448
1591;-13.51840763;-16.33494217;-10.71779032;-13.343115
1586;-13.85257762;-16.73685099;-10.9846043;-13.66979685
1581;-14.08012659;-17.01052579;-11.16628814;-13.89918575
1576;-14.77920364;-17.85131151;-11.72445736;-14.55823227
1571;-15.5521191;-18.78090333;-12.34158189;-15.28445659
1566;-16.0287359;-19.35413417;-12.72213065;-15.7404953
1561;-16.36219507;-19.75518809;-12.98837708;-16.06593358
1556;-16.35810127;-19.7502641;-12.98510877;-16.08756418
1551;-15.40645309;-18.60570822;-12.2252781;-15.25890671
1546;-14.95873895;-18.06723818;-11.86780694;-14.88175621
1541;-14.78569526;-17.85911669;-11.72964281;-14.7506443
1536;-14.73898929;-17.80294268;-11.69235137;-14.73261625
1531;-12.5398147;-15.15797593;-9.936449625;-12.77754612
1526;-10.7896789;-13.05307203;-8.539076998;-11.22625951
1521;-9.860490168;-11.93552832;-7.797178789;-10.41343618
1516;-9.318200221;-11.28331114;-7.364194831;-9.948567537
1511;-8.706578841;-10.54770845;-6.875854107;-9.423628371
1506;-7.93590566;-9.620812773;-6.260520566;-8.757860909
1501;-7.437524147;-9.021404655;-5.862594727;-8.334741616
1496;-7.077169705;-8.588002896;-5.574874787;-8.034582066
1491;-6.846980566;-8.311152082;-5.391083624;-7.851235961
1486;-9.332167753;-11.30010802;-7.375349044;-10.12504901
1481;-10.75707438;-13.01385529;-8.513047365;-11.43884991
1476;-11.45883616;-13.85786997;-9.07336018;-12.09788315
1471;-11.82534826;-14.29867693;-9.365997288;-12.4532857
1466;-12.00938923;-14.52002427;-9.51294271;-12.64811124
1461;-12.11497578;-14.64701381;-9.597247232;-12.77266995
1456;-12.19964309;-14.74884359;-9.664849062;-12.8755726
1451;-12.27341471;-14.83756902;-9.723751371;-12.96724085
1446;-12.62047549;-15.25498172;-10.00085783;-13.30638609
1441;-13.9122309;-16.80858686;-11.0322433;-14.50299762
1436;-14.65940441;-17.70721861;-11.62881452;-15.20483013
1431;-15.10850932;-18.24736067;-11.98739677;-15.63580387
1426;-15.41772359;-18.61925504;-12.23428517;-15.93959002
1421;-14.99335686;-18.10886515;-11.89545545;-15.5868798
1416;-14.66272178;-17.71120712;-11.63146454;-15.31728806
1411;-14.55787236;-17.58510348;-11.54774922;-15.24902606
1406;-14.55733024;-17.58445114;-11.5473167;-15.27367957
1401;-13.95161733;-16.85595462;-11.06369351;-14.75466717
1396;-12.7255807;-15.38138934;-10.08478099;-13.6785282
1391;-12.09867512;-14.6274042;-9.584236782;-13.14000959
1386;-11.76997921;-14.23207843;-9.321794173;-12.86901516
1381;-11.55934637;-13.97874815;-9.153617478;-12.70391156
1376;-10.51481379;-12.72247942;-8.319624493;-11.79274515
1371;-9.865343059;-11.94135501;-7.80106345;-11.23501273
1366;-9.47966359;-11.47749463;-7.493123073;-10.91322212
1361;-9.218935659;-11.16391456;-7.284948608;-10.70313206
1356;-8.642473295;-10.47059791;-6.824680111;-10.21219447
1351;-8.025726006;-9.728830223;-6.332246641;-9.685437633
1346;-7.630147077;-9.253063661;-6.016402153;-9.355508471
1341;-7.342733757;-8.907388825;-5.786921081;-9.121797379
1336;-7.547298856;-9.153420726;-5.950253724;-9.332929996
1331;-9.269232026;-11.22440444;-7.325108996;-10.91836636
1326;-10.15542387;-12.29023477;-8.032677572;-11.74625195
1321;-10.58630012;-12.80845307;-8.376705386;-12.16136299
1316;-10.80685439;-13.07371529;-8.552804375;-12.38572179
1311;-11.19908713;-13.5454567;-8.865977778;-12.77058052
1306;-11.49370774;-13.89979915;-9.101214061;-13.06586962
1301;-11.66743231;-14.10873887;-9.239922483;-13.24960787
1296;-11.78345186;-14.24827627;-9.332557093;-13.38004516
1291;-10.47922965;-12.67967654;-8.291218314;-12.23121465
1286;-7.791823299;-9.447509191;-6.145494311;-9.836775692
1281;-6.356125384;-7.720782479;-4.999180477;-8.568907822
1276;-5.544521654;-6.744659282;-4.351166455;-7.862674554
1271;-5.005358754;-6.096203041;-3.920679237;-7.401657679
1266;-3.802017314;-4.648933486;-2.959887384;-6.347751003
1261;-2.990538358;-3.672960353;-2.311972986;-5.644390551
1256;-2.435217435;-3.005070719;-1.868584607;-5.170082573
1251;-2.003449852;-2.485779764;-1.523845771;-4.806212918
1246;-1.737714107;-2.166176735;-1.311672878;-4.596289444
1241;-1.524726925;-1.91001486;-1.141616383;-4.434509109
1236;-1.274638949;-1.609231544;-0.941937244;-4.236468175
1231;-1.010398207;-1.291426575;-0.730958014;-4.02425262
1226;-1.463039633;-1.835822039;-1.092363943;-4.459856051
1221;-4.360318327;-5.320404046;-3.405658414;-7.106623308
1216;-5.866012564;-7.131315302;-4.607860539;-8.494191026
1211;-6.61387308;-8.030773339;-5.204980274;-9.195961235
1206;-7.010348178;-8.507617072;-5.521540934;-9.579669106
1201;-9.082882847;-11.00027223;-7.17632933;-11.4815805
1196;-10.72537766;-12.97571471;-8.487758054;-12.99390589
1191;-11.65592007;-14.09488584;-9.230737735;-13.86125171
1186;-12.24892307;-14.80809539;-9.70421351;-14.42274569
1181;-12.77289438;-15.43827993;-10.12257184;-14.92443859
1176;-13.30762133;-16.0814004;-10.54951789;-15.43855336
1171;-13.71763264;-16.57452426;-10.87688636;-15.83701614
1166;-14.06234861;-16.98911684;-11.15212062;-16.17493911
1161;-14.32724305;-17.30770737;-11.36362242;-16.44016136
1156;-12.62620464;-15.26185333;-10.00545095;-14.93766019
1151;-11.69643962;-14.14361651;-9.263092594;-14.12812324
1146;-11.29137195;-13.65643778;-8.939671948;-13.78999515
1141;-11.12860188;-13.46067249;-8.809710646;-13.66947173
1136;-10.35374269;-12.52874228;-8.191034814;-13.00063999
1131;-9.494188291;-11.49494841;-7.504735203;-12.25590804
1126;-9.052159977;-10.96331679;-7.151803816;-11.88521589
1121;-8.810220577;-10.67233385;-6.958630794;-11.69370188
1116;-8.868424303;-10.74233566;-7.005103112;-11.77389953
1111;-9.671503376;-11.70820554;-7.64631137;-12.53122552
1106;-10.097471;-12.22052018;-7.98641994;-12.94491352
1101;-10.31705708;-12.48461796;-8.161745883;-13.17048925
1096;-10.44155599;-12.63435357;-8.261150719;-13.30931146
1091;-11.22963808;-13.58218642;-8.890384835;-14.0525769
1086;-11.86190736;-14.34262188;-9.395212269;-14.65374591
1081;-12.22542339;-14.77982545;-9.685457188;-15.00992224
1076;-12.46194159;-15.06428763;-9.874302356;-15.25026015
1071;-12.64190405;-15.28072973;-10.01799133;-15.44205619
1066;-12.79594434;-15.46599503;-10.1409831;-15.61317202
1061;-12.93149615;-15.62902407;-10.24921298;-15.76450553
1056;-13.05685845;-15.77979809;-10.34930718;-15.90503191
1051;-13.17536223;-15.92232331;-10.44392529;-16.03870633
1046;-13.25794641;-16.02164769;-10.50986385;-16.14649392
1041;-13.35024132;-16.13265125;-10.58355583;-16.2599351
1036;-13.44871733;-16.25108889;-10.66218302;-16.37682388
1031;-13.54905899;-16.37177036;-10.74229982;-16.49432716
1026;-13.68630106;-16.53683228;-10.85187926;-16.64923482
1021;-13.82960428;-16.709184;-10.96629815;-16.81014955
1016;-13.95156095;-16.85586203;-11.06367316;-16.94902118
1011;-14.06250855;-16.98929936;-11.15225812;-17.07655468
1006;-14.14268586;-17.085729;-11.21627495;-17.17715013
1001;-14.13497198;-17.07645114;-11.21011621;-17.2033018
996;-14.17300035;-17.12218788;-11.24047977;-17.26744057
991;-14.23546212;-17.19731088;-11.29035186;-17.35177723
986;-14.30861409;-17.28529109;-11.3487594;-17.44482411
981;-14.32589138;-17.3060703;-11.36255453;-17.49300316
976;-14.35620441;-17.34252772;-11.38675787;-17.55147124
971;-14.40878041;-17.40576102;-11.4287368;-17.62758844
966;-14.47137651;-17.48104559;-11.47871615;-17.71152558
961;-14.40750837;-17.40423049;-11.42772178;-17.68382807
956;-14.21672287;-17.17477079;-11.27539191;-17.54430185
951;-14.14457926;-17.08800273;-11.21779011;-17.50875313
946;-14.13130549;-17.07203795;-11.20719216;-17.52472302
941;-14.12505195;-17.06451644;-11.20219941;-17.54636616
936;-13.26315416;-16.02790415;-10.51402875;-16.80232067
931;-12.75729358;-15.41950093;-10.11013133;-16.37648806
926;-12.49276901;-15.10135461;-9.898925473;-16.16633001
921;-12.34126354;-14.91913735;-9.777958226;-16.0571021
916;-11.0149928;-13.32401968;-8.719015074;-14.89174998
911;-9.483254555;-11.48178445;-7.496019079;-13.54149995
906;-8.632483561;-10.45855447;-6.816732453;-12.8030447
901;-8.109325385;-9.829347265;-6.399023982;-12.35885724
896;-7.452801833;-9.039740364;-5.874831681;-11.79513933
891;-5.894029433;-7.164990917;-4.630250643;-10.42201949
886;-4.932516385;-6.008570494;-3.862543488;-9.584630623
881;-4.29776403;-5.245148001;-3.355734115;-9.04028968
876;-3.818973062;-4.669301626;-2.973450062;-8.635765863
871;-5.163609526;-6.286507295;-4.047057697;-9.882444055
866;-6.215503829;-7.55162942;-4.886929197;-10.86344638
861;-6.652416098;-8.077107299;-5.235776368;-11.28698388
856;-6.803729285;-8.259092678;-5.356590703;-11.45154464
851;-7.259466759;-8.807211796;-5.720468612;-11.89334732
846;-8.083194299;-9.79791577;-6.37816336;-12.6699749
841;-8.486431074;-10.28289184;-6.700122776;-13.06401242
836;-8.681158844;-10.51709232;-6.855600913;-13.2682588
831;-8.82246286;-10.68703958;-6.968423556;-13.42362742
826;-10.79389694;-13.05810022;-8.542489528;-15.23721838
821;-11.98696272;-14.49301053;-9.49507755;-16.34522092
816;-12.65379477;-15.29501494;-10.02750115;-16.97616599
811;-13.07369221;-15.80002895;-10.36276306;-17.38318266
806;-13.69367152;-16.54568316;-10.85777772;-17.9748743
801;-14.31580259;-17.29392531;-11.35451041;-18.5690441
796;-14.73542231;-17.7986053;-11.68955058;-18.97766891
791;-15.05534086;-18.18337382;-11.94498565;-19.29491029
786;-15.20039572;-18.35783226;-12.06080311;-19.45516866
781;-14.89378465;-17.98906815;-11.81599382;-19.21267584
776;-14.81502718;-17.89434555;-11.75311126;-19.17252497
771;-14.85915486;-17.94741798;-11.78834472;-19.24142402
766;-14.95806272;-18.06637502;-11.8673167;-19.35882382
761;-14.2243288;-17.18390653;-11.28147679;-18.73032283
756;-13.6635287;-16.50942705;-10.83371361;-18.25641821
751;-13.41885101;-16.21515075;-10.63835421;-18.06537019
746;-13.32185096;-16.09848765;-10.5609061;-18.00637736
741;-13.48674693;-16.29680916;-10.69256542;-18.18624436
736;-13.87395124;-16.76250284;-11.00172392;-18.56945818
731;-14.10124704;-17.03587316;-11.18320556;-18.80525708
726;-14.24853363;-17.21301573;-11.30080491;-18.96723558
721;-14.33681805;-17.31919585;-11.37129474;-19.07530145
716;-13.46885293;-16.27528636;-10.6782797;-18.32688175
711;-12.97054678;-15.67596893;-10.280414;-17.9089679
706;-12.72536316;-15.38108415;-10.08465066;-17.71736529
701;-12.59808179;-15.22800144;-9.983024825;-17.6310992
696;-12.38601835;-14.97295058;-9.813705846;-17.47241805
691;-12.17404222;-14.71800473;-9.644456578;-17.31435157
686;-12.05136765;-14.57046265;-9.546508971;-17.23410091
681;-11.97219251;-14.47523772;-9.483292921;-17.19170504
676;-11.94630412;-14.44410122;-9.462622968;-17.19823159
671;-12.04024617;-14.55708584;-9.537630063;-17.31778211
666;-12.07790817;-14.60238195;-9.567701082;-17.38324363
661;-12.08521794;-14.61117317;-9.573537769;-17.419458
656;-12.07915455;-14.60388038;-9.568696835;-17.44266441
651;-9.178415633;-11.11513613;-7.252640239;-14.85898425
646;-6.826990793;-8.287056707;-5.375176252;-12.76958332
641;-5.531222993;-6.728625192;-4.340587767;-11.63046866
636;-4.733291594;-5.768945852;-3.703490217;-10.93942713
631;-3.85351139;-4.710826237;-3.001041554;-10.1770154
626;-2.776538002;-3.41554066;-2.141146574;-9.23935004
621;-2.044220703;-2.534775965;-1.55643773;-8.609638992
616;-1.487102316;-1.864724528;-1.111614161;-8.13643253
611;-1.034310075;-1.320147056;-0.750088435;-7.756716933
606;-1.386060512;-1.743200072;-1.030939271;-8.109630408
601;-1.458289404;-1.830070091;-1.08860979;-8.207163994
596;-1.339298103;-1.686957918;-0.993603051;-8.129989182
591;-1.135353838;-1.441672076;-0.83076673;-7.97507373
586;-2.672440836;-3.2903397;-2.058033963;-9.395539432
581;-4.530862483;-5.525479307;-3.541866627;-11.1065452
576;-5.419871911;-6.594698393;-4.251684831;-11.93987728
571;-5.846590746;-7.107916555;-4.592393179;-12.35458832
566;-6.120510341;-7.437361738;-4.811100977;-12.63222886
561;-6.502513679;-7.896800171;-5.116106809;-13.01229164
556;-6.716647402;-8.154340361;-5.287079357;-13.23755552
551;-6.841335402;-8.304303405;-5.386635146;-13.38024005
546;-6.922792739;-8.402272554;-5.451673979;-13.4829699
541;-4.710358041;-5.741357781;-3.685184849;-11.52101995
536;-2.920060315;-3.58815082;-2.255745439;-9.938571567
531;-1.9537599;-2.425972601;-1.484215859;-9.09733623
526;-1.374604276;-1.729416793;-1.021796953;-8.604274523
521;-0.217823384;-0.338146051;-0.098180729;-7.592404039
516;1.598193056;1.845993018;1.351793466;-5.988286358
511;2.684410332;3.152396281;2.219069097;-5.039714296
506;3.404805545;4.018822169;2.794258905;-4.419683892
501;4.00565555;4.741469996;3.27399941;-3.906879233
496;6.859111732;8.173346916;5.552303763;-1.36762646
491;8.725281955;10.4178064;7.042322597;0.283712741
486;9.923849494;11.85933432;7.999302826;1.334673011
481;10.80561173;12.91983775;8.703334022;2.100787409
476;11.37225755;13.6013479;9.155764643;2.578409109
471;11.82974577;14.15157326;9.52103982;2.956980862
466;12.33113055;14.7545934;9.921363629;3.377948744
461;12.84740775;15.37552478;10.33357809;3.813761125
456;12.99179865;15.54918526;10.44886481;3.913115628
451;11.86653702;14.19582359;9.550414133;2.861732388
446;11.45576667;13.70178681;9.222439643;2.458474423
441;11.4310623;13.67207495;9.202714471;2.405495911
436;11.58204408;13.85366235;9.323263597;2.512013473
431;10.71516631;12.81106119;8.631116126;1.694355341
426;10.09258399;12.0622763;8.134023152;1.098651224
421;9.885641394;11.81338494;7.968792265;0.880506813
416;9.872857971;11.79801049;7.958585217;0.838815915
411;9.77910834;11.6852573;7.883731765;0.721555314
406;9.55930597;11.42089938;7.708233157;0.487819558
401;9.513504149;11.36581343;7.671663004;0.414217737
396;9.554006785;11.4145266;7.704001511;0.420118755
391;9.587549382;11.45486886;7.730782867;0.420402459
386;7.60520833;9.070690298;6.148008396;-1.405177515
381;6.452429369;7.684233287;5.227586882;-2.478965361
376;5.862991289;6.975311264;4.756957499;-3.042205243
371;5.537329613;6.583635419;4.49693692;-3.366315688
366;4.842408784;5.747848387;3.942086222;-4.027782305
361;4.115250712;4.873289344;3.361496122;-4.718877936
356;3.687897057;4.359307677;3.02028092;-5.13662029
351;3.406683441;4.021089907;2.795749313;-5.421066853
346;2.879036309;3.38648439;2.374456094;-5.928749839
341;1.31044959;1.499931739;1.122038307;-7.380756842
336;0.377373703;0.377713515;0.377035813;-8.255918101
331;-0.207082729;-0.325217047;-0.089616048;-8.814595078
326;-0.625894775;-0.828925658;-0.42401132;-9.222838349
321;0.59810686;0.643192078;0.553276445;-8.153999404
316;1.56627729;1.807619391;1.32629914;-7.314570437
311;1.987538116;2.314273753;1.662649036;-6.966282222
306;2.155054805;2.515747827;1.796400253;-6.845772913
301;2.883451107;3.391796693;2.377978433;-6.221567139
296;4.224440457;5.004616551;3.44867349;-5.047208381
291;4.929731833;5.852876919;4.011803845;-4.443468292
286;5.319094386;6.321166941;4.322684978;-4.123240584
281;5.565521531;6.617547303;4.519441212;-3.931347647
276;5.925313713;7.050272751;4.806712265;-3.643671135
271;6.177266968;7.353299395;5.007880745;-3.4502066
266;6.361526617;7.574910357;5.155000156;-3.315702412
261;6.51270656;7.756736073;5.275707511;-3.209981113
256;6.320948793;7.526107632;5.122600746;-3.417860571
251;6.058458265;7.210408288;4.913018337;-3.690110934
246;5.967583924;7.101113219;4.840460623;-3.804697585
241;5.957908803;7.089477155;4.832735361;-3.844597223
