age_vostok;Be_conc_vostok;age_da;Be_conc_da;age_edc;Be_conc_edc;age_odc;Be_conc_odc;age_sp;Be_conc_sp;age_df;Be_conc_df;age_edml;Be_conc_edml;age_ldc;Be_conc_ldc;age_sd;Be_conc_sd;age_spi;Be_conc_spi;age_td;Be_conc_td;age_wd;Be_conc_wd
234.5;0.731;4.82;0.785;56.48;0.598;1078.52;0.645;-28.5;0.332;74;0.816;1216;0.362;-69.85858586;0.532958207;-44.04;0.187;66.44;0.316;-9.5;0.211;-44.25;0.108
246;0.748;11;0.888;65.53;0.556;1097.6;0.246;-22;0.419;80;0.718;1238;0.379;-65.05050505;0.525367064;-43.47;0.208;72.98;0.234;31.5;0.207;-33.4;0.11
257.5;0.768;17.12;0.911;74.99;0.66;1116.67;0.169;-15;0.279;86;0.696;1260;0.488;-58.32727273;0.406215359;-42.74;0.206;79.55;0.231;75.2;0.201;-22.1;0.131
269;0.885;28.5;0.898;82.24;0.618;1135.49;0.647;-5.5;0.318;93;0.73;1282;0.411;-51.42222222;0.618860825;-41.56;0.184;85.84;0.272;124.5;0.211;-9.7;0.103
281;0.961;43.5;0.736;86.76;0.466;1154.43;0.445;3;0.304;101;0.697;1304;0.395;-44.69494949;0.649054026;-40.22;0.155;92.02;0.324;179.1;0.211;1.85;0.102
293;0.775;58.5;0.774;91.44;0.715;1173.79;0.451;10.5;0.292;109;0.715;1326;0.403;-37.07878788;0.432879289;-38.79;0.148;98.3;0.256;239;0.195;11.55;0.1
305;0.931;72.5;0.716;95.96;0.524;1191.92;0.464;18.5;0.351;117;0.917;1348;0.411;-30.27474748;0.477861588;-37.67;0.177;105.04;0.276;303.5;0.177;21.05;0.13
317;0.832;85.5;0.837;100.64;0.515;1210.68;0.41;26;0.314;125;0.859;1370;0.379;-25.78989899;0.488611509;-37.12;0.16;112.84;0.276;372.6;0.197;31.25;0.093
329;0.767;99;0.858;105.16;0.476;1229.75;0.346;34;0.36;132;0.827;1392;0.362;-22.32323232;0.508992904;-33.17;0.156;121.27;0.332;445.8;0.208;41.7;0.109
341.5;0.808;113.5;0.9;110.12;0.456;1248.81;0.322;41;0.365;141;1.024;1414;0.346;-18.08080808;0.500168897;-32.42;0.289;129.8;0.291;522.5;0.21;52.15;0.134
354;0.827;128.5;0.757;115.18;0.582;1267.88;0.506;47.5;0.363;150;0.917;1436;0.37;-13.3959596;0.5959772;-31.05;0.316;137.97;0.36;599.7;0.196;62.4;0.143
366.5;0.774;143.5;;120.42;0.451;1288.05;0.404;54.5;0.413;160;0.666;1458;0.37;-8.644444444;0.462451849;-26.64;0.305;145.4;0.361;682.8;0.224;72.8;0.135
379;0.847;158;;125.48;0.746;1307.11;0.5;61.5;0.367;169;0.733;1480;0.338;-2.747474748;0.60216232;-25.77;0.196;153.28;0.326;768.7;0.245;83.65;0.119
391.5;0.899;173.1;;130.54;0.703;1326.18;0.382;68.5;0.325;179;0.644;1502;0.427;3.393939394;0.525080692;-24.89;0.251;161.47;0.261;857.3;0.236;95.35;0.129
404.5;0.815;188.5;0.963;135.26;0.624;1345.41;0.333;75.5;0.361;189;0.781;1524;0.411;9.111111114;0.415203419;-23.89;0.235;168.19;0.254;948.8;0.221;107.2;0.121
417.5;0.812;203.5;0.875;140.32;0.77;1364.73;0.665;81.1;;199;0.837;1546;0.35;14.70707071;0.504628936;-22.29;0.156;174.74;0.294;1042.7;0.207;118.7;0.119
430.5;0.937;219;0.861;145.38;0.639;1384.35;0.582;84.1;0.273;208;0.692;1568;0.374;21.04040404;0.625542947;-20.51;0.145;182.64;0.272;1138.9;0.183;130.05;0.119
443.5;1.008;235;0.898;150.7;0.801;1403.78;0.673;89;0.313;218;0.707;1590;0.403;27.05252525;0.445502646;-19.31;0.264;190.75;0.328;1239.8;0.173;141.85;0.155
456.5;0.986;251;0.751;155.9;0.54;1423.86;0.47;96.5;0.302;227;0.759;1612;0.338;33.11919192;0.514205742;-18.23;0.212;199.04;0.282;1341.2;0.202;154;0.124
469.5;0.992;267.5;0.895;161.2;0.533;1441.18;0.333;104;0.388;237;0.781;1634;0.33;38.63434344;0.59303063;-16.81;0.268;207.6;0.277;1444.5;0.219;167;0.1
483;1.052;284;1.256;166.2;0.627;1461.46;0.44;111.5;0.372;247;0.951;1656;0.403;44.2989899;0.61109945;-1.94;0.183;216.86;0.294;1547.5;0.208;178.2;0.107
496.5;1.16;300.5;1.03;171.47;0.5;1483.38;0.384;118;0.372;257;1.048;1678;0.435;50.61818182;0.585715629;-0.46;0.146;226.43;0.332;1550.1;0.211;187.45;0.107
510;1.075;317.5;1.079;176.63;0.383;1503.54;0.366;124;0.387;267;0.862;1700;0.358;57.37373738;0.491394948;3.25;0.173;234.98;0.402;1787.6;0.201;197.75;0.119
524;0.936;335;0.993;181.95;0.547;1523.72;0.598;130.5;0.405;274;1.004;1722;0.387;64.27272728;0.588479593;9.95;0.234;243.07;0.36;1899.4;0.187;208.3;0.119
537.5;0.989;352.5;0.816;187.05;0.538;1543.93;0.433;137.5;0.521;281;1.139;1744;0.342;71.74747475;0.657773582;10.72;0.163;251.48;0.42;2106.5;0.171;220.75;0.132
551;0.983;369.5;0.838;192.35;0.544;1564.13;0.375;144.7;0.367;292;1.045;1766;0.387;78.68080808;0.604023123;12.61;0.221;260.17;0.32;2224.9;0.195;233.75;0.135
565;0.767;387;0.834;197.45;0.6;1584.34;0.422;152;;301;0.847;1788;0.362;85.74343434;0.555702747;13.47;0.142;269.53;0.381;2344.6;0.192;245.05;0.136
579;0.794;404.5;0.899;205.19;0.607;1605.16;0.404;158.4;;310;1.065;1810;0.468;92.43434343;0.479129109;13.99;0.164;279.31;0.477;2466.6;0.163;254.7;0.169
593;0.952;422;1.012;215.34;0.521;1626;0.427;162.1;0.245;320;0.817;1832;0.358;98.93939392;0.462819112;14.78;0.222;288.49;0.396;2590.8;0.177;264;0.137
607;1.022;440;;223;0.615;1646.32;0.446;167;0.286;330;0.824;1854;0.411;105.0727272;0.498441245;15.99;0.239;297.18;0.398;2848.6;0.173;274.8;0.18
621.5;0.945;458.5;1.46;228;0.697;1667.28;0.359;175;0.305;338;0.739;1876;0.48;111.0626262;0.556788074;21.22;0.173;306.25;0.356;2976.6;0.176;285.05;0.157
636;0.937;486.5;1.132;233.37;0.577;1688.31;0.478;183;0.326;347;0.718;1898;0.423;117.0969697;0.445982646;22.01;0.219;314.82;0.311;3107.8;0.17;295.8;0.162
650;0.917;524.5;1.314;238.73;0.498;1724.06;0.482;191;0.327;356;0.878;1920;0.395;123.3393939;0.607040516;23.41;0.204;323.4;0.288;3245;0.172;306.15;0.139
664.5;0.922;553.5;1.32;244.17;0.796;1746.27;0.466;199;0.37;364;0.836;1942;0.366;130.660606;0.447178667;28.78;0.21;333.45;0.284;3354.9;0.176;314.6;0.161
679.5;0.841;573;0.941;249.33;0.719;1767.71;0.414;207;0.293;373;0.846;1964;0.334;139.6242424;0.500380073;30.36;0.241;343.93;0.302;3523.4;0.17;324.05;0.1
694.25;0.882;592.5;0.867;254.77;0.573;1789.15;0.455;213;0.274;383;0.865;1986;0.395;150.6585858;0.509921777;31.66;0.158;353.57;0.327;3665.8;0.17;337.3;0.097
708.75;0.833;612;;260.13;0.789;1810.56;0.493;219;0.336;393;0.768;2008;0.346;163.4585858;0.514154724;32.63;0.177;363.17;0.331;3724.8;0.174;351.2;0.132
723.5;0.862;632;1.033;265.73;0.835;1831.93;0.609;226.5;0.371;404;0.829;2030;0.338;175.6767677;0.365237355;33.25;0.252;373.25;0.3;3817.7;0.163;361.45;0.129
738.5;0.899;651;1.069;271.17;0.623;1853.31;0.385;234;0.403;414;0.919;2052;0.317;186.2727273;0.436126272;33.87;0.158;383.13;0.293;3965.9;0.168;372.75;0.148
753.5;0.891;670;1.36;276.85;0.78;1874.49;0.509;241.5;0.473;424;1.026;2074;0.383;195.7272727;0.429437027;45.39;0.152;392.47;0.346;4120.3;0.155;386;0.126
768.5;0.873;690;1.339;282.35;0.732;1894.42;0.519;249.3;0.44;434;0.935;2096;0.379;205.6020202;0.435150113;46.39;0.212;402.02;0.366;4275.5;0.173;398.7;0.137
783.5;0.815;710.5;0.882;288.05;0.889;1915.98;0.426;256.8;;444;1.036;2118;0.35;215.6060606;0.50503878;47.7;0.19;411.63;0.384;4401.1;0.172;410.85;0.14
798.5;0.769;731;0.921;293.55;0.927;1937.63;0.395;261;0.579;454;0.961;2140;0.395;225.8949495;0.49408978;52.49;0.181;421.34;0.429;4562.6;0.187;423.4;0.166
814;0.852;751.5;0.879;299.35;0.722;1959.54;0.437;266;0.367;465;1.266;2162;0.366;236.2464646;0.412861116;53.38;0.15;431.72;0.424;4759.7;0.184;437.3;0.145
829.5;0.772;772.5;0.723;305.05;0.577;1981.45;0.473;272;0.421;476;1.148;2184;0.326;246.8464646;0.466541869;54.45;0.187;441.61;0.413;4948.7;0.182;450.8;0.148
845;0.765;793.5;;311.03;0.574;2003.28;0.474;275.5;0.504;486;1.147;2206;0.326;257.7272727;0.574225893;55.55;0.174;451.68;0.404;5099.2;0.193;463.3;0.143
860.5;0.839;814.5;0.831;316.87;0.649;2024.83;0.378;280;0.462;497;1.208;2228;0.354;269.3030303;0.411439046;56.54;0.234;462.02;0.396;5211.4;0.188;477.75;0.117
876;0.829;835.5;0.878;322.85;0.628;2046.38;0.387;287;0.396;508;1.033;2250;0.362;283.2686868;0.65360922;57.65;0.293;471.67;0.378;5444.6;0.172;494.05;0.183
892;0.809;856.5;0.715;328.55;0.627;2067.99;0.461;294.5;0.477;518;0.947;2272;0.464;298.1373737;0.616252953;58.44;0.381;481.07;0.394;5475.9;0.164;508.7;0.163
908;0.936;878;0.893;333.4;0.815;2089.9;0.451;301.5;0.431;529;1.13;2294;0.456;311.260606;0.613850754;58.93;0.325;491.05;0.423;5674.9;0.153;521.9;0.162
924;0.902;899.5;;337.19;0.61;2111.81;0.436;308.5;0.324;540;0.901;2316;0.46;320.020202;0.703496719;59.46;0.223;502.44;0.443;5860.3;0.132;534.85;0.157
940;0.961;921;1.065;341.2;0.679;2133.75;0.373;315.5;0.441;550;0.875;2338;0.403;326.8161616;0.646393301;60.1;0.324;513.01;0.383;6011.5;0.111;547.15;0.142
956;0.839;954;1.287;345.06;0.536;2156.03;0.494;322.5;0.317;560;0.693;2360;0.313;335.6747474;0.448372071;61.25;0.271;522.36;0.406;6289.7;0.163;562.25;0.129
972;0.754;987;1.033;348.99;0.583;2178.32;0.402;330.1;0.362;569;0.731;2382;0.37;348.240404;0.630595719;62.34;0.18;531.75;0.402;6613.7;0.128;577.5;0.14
988;0.756;1009;0.842;353.14;0.465;2200.59;0.412;338.1;;577;0.726;2404;0.305;362.7696969;0.549523002;63.13;0.182;541.17;0.353;6698.9;0.132;590.65;0.137
1004;0.816;1031.5;0.926;357;0.591;2228.35;0.397;346;0.338;587;0.716;2426;0.358;376.6767677;0.509764593;64.24;0.235;553.67;0.316;7101;0.152;604.3;0.152
1020.5;0.881;1054;0.763;360.79;0.754;2250.56;0.467;353.5;0.319;597;0.708;2448;0.317;389.2262626;0.525409898;65.32;0.329;565.64;0.294;7242.5;0.142;618.75;0.161
1037;0.85;1076;;364.8;0.598;2272.77;0.559;361.5;0.479;606;0.806;2470;0.362;401.5252525;0.543292544;66.17;0.268;575.4;0.265;7329.2;0.173;632.95;0.178
1053.5;0.829;1098.5;0.714;368.75;0.72;2294.98;0.557;370;0.449;615;0.927;2492;0.407;414.3151515;0.613723416;67.03;0.283;585.17;0.293;7814.1;0.201;646.45;0.156
1070;0.807;1121.5;0.737;372.84;0.556;2317.21;0.589;378.5;0.437;623;1.072;2514;0.354;427.1111111;0.507729426;69.11;0.154;594.8;0.27;8069.8;0.188;662.95;0.177
1086.5;0.785;1144.5;0.871;377.15;0.695;2333.11;0.505;387;;632;0.931;2536;0.354;439.840404;0.671180496;70.04;0.236;605.03;0.375;8498.5;0.182;679.1;0.157
1103.5;0.841;1167.5;0.882;381.29;0.765;2365.46;0.419;396;0.456;641;1.01;2558;0.35;452.6484849;0.718553271;70.82;0.181;614.68;0.41;9074.8;0.175;692.4;0.142
1120;0.812;1190.5;0.719;385.48;0.709;2393.65;0.407;405.5;0.462;650;1.131;2580;0.301;465.0161616;0.707047511;72.03;0.262;624.2;0.413;9197;0.186;705.15;0.118
1136.5;0.82;1213.5;0.689;389.91;0.613;2416.27;0.42;413;0.504;659;0.854;2602;0.366;477.0484849;0.53966568;73.83;0.189;634.6;0.395;9573.9;0.201;724.5;0.125
1153.5;0.753;1248.65;1.119;394.05;0.592;2439.45;0.427;420;0.46;669;0.972;2624;0.362;489.3717172;0.594676116;75.25;0.175;644.96;0.4;9702;0.207;743.45;0.144
1170.5;0.708;1284;1.117;398.14;0.55;2461.8;0.469;428;0.477;680;0.895;2646;0.322;502.1696969;0.656587542;76.48;0.228;655.7;0.379;10037;0.222;755.75;0.129
1187.5;0.709;1307.5;0.983;402.45;0.61;2485.56;0.377;435.5;0.478;689;0.951;2668;0.407;514.5737374;0.657645719;78.08;0.208;667.04;0.381;10426;0.238;768.9;0.133
1205;0.819;1331;0.731;406.59;0.697;2508.27;0.395;442.5;0.381;697;0.814;2690;0.415;527.1959596;0.667056585;80.16;0.281;678.03;0.316;10501;0.254;782.25;0.141
1222.5;1.007;1354.5;0.98;410.78;0.635;2536.69;0.343;449.8;0.395;707;0.715;2712;0.407;539.9878788;0.633164992;80.86;0.18;688.39;0.341;10647;0.205;795.25;0.156
1239.5;0.909;1378;0.916;415.21;0.62;2559.3;;455.8;;718;0.9;2734;0.46;552.7616162;0.769753694;81.62;0.195;698.06;0.296;10797;0.24;808.05;0.111
1256.5;1.028;1414;1.006;419.31;0.777;2581.7;0.466;463.5;0.453;728;0.833;2756;0.448;565.7555556;0.628104434;82.95;0.254;707.8;0.345;10950;0.229;820.65;0.106
1274;0.804;1450;0.836;423.34;0.641;2606.76;0.431;471.5;0.428;739;0.809;2778;0.379;578.9858586;0.526498927;83.79;0.194;718.83;0.35;11148;0.207;833.45;0.138
1291.5;0.73;1473.5;0.787;427.59;0.57;2629.81;0.447;477;0.499;748;0.87;2800;0.326;592.1131313;0.605337565;84.5;0.222;730.56;0.316;11306;0.221;846.65;0.124
1309;0.85;1497.5;0.824;431.55;0.737;2661.25;0.534;483.5;0.426;757;0.772;2822;0.281;605.5050505;0.596861513;85.49;0.199;741.64;0.3;11505;0.251;859.95;0.146
1326.5;0.771;1533.65;1.107;435.44;0.781;2684.01;0.537;489.5;0.399;768;0.78;2844;0.37;618.6242424;0.412398252;86.82;0.253;753.1;0.314;11706;0.27;873.15;0.13
1344;0.761;1569.5;0.972;439.55;0.656;2707.78;0.51;495.5;0.609;779;0.782;2866;0.374;630.6828283;0.455665886;87.81;0.178;764.6;0.355;11934;0.364;885.75;0.139
1362;0.907;1594.5;0.86;443.5;0.705;2727.96;0.5;501.5;0.609;790;0.854;2888;0.322;;;88.48;0.393;776.21;0.318;12271;0.639;898.1;0.153
1379.5;0.811;1619.5;0.91;447.49;0.78;2750.37;0.419;506.5;0.442;801;0.685;2910;0.33;;;89.25;0.106;787.73;0.334;12524;0.391;910.1;0.154
1397;0.732;1644.5;0.929;451.7;1.03;2827.02;0.373;513;0.471;812;0.651;2932;0.407;;;89.98;0.184;798.35;0.285;12929;0.522;922.25;0.144
1415;0.791;1670;0.809;455.78;0.68;2857.24;0.402;520;0.416;822;0.672;2954;0.379;;;90.43;0.366;809.43;0.272;13151;0.45;934.85;0.128
1433;0.85;1695.5;1.05;459.93;0.598;2877.11;0.445;526.5;0.473;831;0.879;2976;0.35;;;91.18;0.198;821.36;0.315;13225;0.377;947.3;0.139
1451;0.8;1720.5;0.787;464.32;0.586;2904.47;0.401;533;0.446;839;0.733;2998;0.362;;;92.45;0.213;833.09;0.312;13521;0.584;959.85;0.155
1469;0.94;1746;0.935;468.4;0.608;2947.34;0.432;539.5;0.388;850;0.783;3020;0.379;;;93.83;0.192;844.69;0.272;13959;0.475;972.45;0.148
1487;0.786;1771.5;0.877;472.39;0.72;2982.54;0.535;546.5;0.378;861;0.686;3042;0.374;;;95.06;0.21;855.96;0.318;14470;0.552;984.8;0.132
1505;0.823;1796.77;1.029;476.6;0.667;2998.67;;552.5;0.401;870;0.746;3064;0.391;;;96.3;0.212;867.25;0.317;14981;1.113;997.15;0.124
1523;0.705;1822.12;1.063;480.66;0.962;3045.61;0.457;557;0.324;880;0.884;3086;0.326;;;98.67;0.203;879.07;0.323;16765;0.99;1009.15;0.122
1541.5;0.713;1848;0.802;484.79;0.884;3063.21;0.367;563;0.406;889;0.951;3108;0.362;;;99.53;0.173;890.65;0.376;18695;0.897;1020.95;0.127
1560;0.875;1874;;489.14;0.765;3078.16;0.401;572;0.435;900;0.806;3130;0.395;;;100.39;0.211;901.25;0.368;20659;0.684;1033.3;0.129
1578;0.75;1899.66;0.931;493.28;0.761;3091.62;0.375;580.9;0.261;910;0.797;3152;0.387;;;101.33;0.109;911.88;0.38;22841;0.679;1046.1;0.128
1596.5;0.768;1925;0.838;497.43;0.672;3111.07;0.409;589.4;;921;0.709;3174;0.37;;;102.28;0.128;923.34;0.348;26115;0.709;1058.7;0.139
1615;0.765;1951;0.827;501.82;0.889;3129.02;0.483;599;0.329;930;0.839;3196;0.383;;;102.96;0.272;935.11;0.358;27917;0.512;1079.1;0.121
1633.5;0.896;1977;0.753;505.96;0.824;3148.52;0.404;607.5;0.365;941;0.926;3218;0.342;;;103.55;0.109;947.76;0.364;29660;0.456;1099.85;0.125
1652;0.928;2003.5;1.008;510.09;1.24;3162.04;0.487;613.5;0.406;951;0.751;3240;0.411;;;104.05;0.186;960.61;0.32;31675;0.404;1112.65;0.13
1670.5;0.691;2030;0.865;514.44;0.701;3177.06;0.444;622;0.479;963;0.748;3262;0.338;;;104.45;0.121;972.8;0.345;32948;0.35;1125.55;0.104
1689.5;0.721;2056;0.741;518.66;0.661;3190.58;0.475;629.8;0.422;973;0.791;3284;0.35;;;106.35;0.151;984.48;0.338;33903;0.347;1138.85;0.115
1708;0.606;2082.5;0.885;522.98;0.754;3208.61;;635.8;;983;0.794;3306;0.411;;;109.36;0.221;995.62;0.298;34829;0.461;1151.8;0.119
1726.5;0.742;2109;0.94;527.54;1.22;3273.6;0.239;645;0.417;994;0.688;3328;0.383;;;110.6;0.17;1007.01;0.312;35763;0.384;1164.9;0.14
1745.5;0.907;2135.5;1.071;531.81;0.953;3298.17;0.343;653;0.389;1004;0.692;3350;0.472;;;114.09;0.21;1018.96;0.257;36181;0.433;1177;0.161
1764.5;0.888;2162.5;0.995;536.03;0.975;3322.8;0.239;659.5;;1013;0.791;3372;0.415;;;115.14;0.162;1031.43;0.321;36453;0.674;1187.2;0.085
1783.5;0.814;2187.17;0.716;540.49;0.775;3357.77;0.341;663.8;0.331;1023;0.721;3394;0.374;;;116.18;0.136;1043.69;0.36;37129;0.59;1198.1;0.104
1802.5;0.829;2211;0.782;544.78;0.66;3374.49;0.306;667.3;;1032;0.839;3416;0.358;;;117.46;0.203;1054.96;0.342;37522;0.572;1210.2;0.109
1821.5;0.957;2236.5;0.85;549.13;0.844;3384.83;0.355;673.5;0.392;1042;0.749;3438;0.313;;;119.11;0.258;1066.36;0.319;37714;0.545;1222.1;0.092
1840.5;0.78;2272;0.778;553.72;0.676;3398.21;0.36;683;0.454;1053;0.825;3460;0.431;;;120.7;0.219;1078.55;0.299;38433;0.35;1233.3;0.117
1859.5;0.804;2307.5;1.16;558.03;0.562;3421.75;0.425;691;0.37;1062;0.778;3482;0.374;;;122.19;0.238;1090.63;0.322;38996;0.399;1245.6;0.127
1878.5;0.89;2334;1.214;562.28;0.69;3458.4;0.505;693.9;0.332;1072;0.732;3504;0.37;;;123.47;0.186;1102.23;0.325;40334;0.435;1258.65;0.132
1897.5;0.73;2361;1.01;566.77;0.61;3485.9;0.356;695.9;;1082;0.813;3526;0.35;;;124.33;0.188;1113.8;0.306;40816;0.484;1271;0.154
1916.5;0.85;2387;0.833;570.98;0.648;3510.4;0.407;705;0.313;1093;0.718;3548;0.383;;;125.08;0.277;1125.81;0.331;41291;0.532;1283.4;0.139
1935.5;0.76;2414;0.687;575.13;;3534.3;0.434;715;0.391;1104;0.73;3570;0.419;;;126.39;0.243;1138.19;0.31;41981;0.461;1296;0.125
1955;0.789;2442;0.8;579.52;0.768;3577.73;0.501;717.5;0.32;1116;0.793;3592;0.403;;;127.46;0.264;1150.15;0.347;43623;0.399;1308.65;0.109
1974.5;0.821;2470;0.74;583.66;;3601.95;0.514;727.5;0.26;1126;0.782;3614;0.391;;;128.71;0.244;1162.62;0.336;44851;0.376;1323.05;0.093
1993.5;0.854;2497.5;0.935;587.79;0.505;3626.15;0.491;738.3;0.312;1137;0.773;3636;0.35;;;130.05;0.246;1175.09;0.397;45244;0.327;1337.65;0.112
2013;0.88;2525.5;0.762;592.14;0.522;3651.86;0.58;743.3;;1149;1.063;3658;0.338;;;131.26;0.211;1186.98;0.335;45785;0.275;1350.4;0.131
2032.5;0.83;2553.5;0.927;596.28;0.646;3682.58;0.328;750;0.276;1161;0.7;3680;0.354;;;132.57;0.266;1200.38;0.278;45899;0.245;1363;0.119
2052;0.699;2578.5;0.699;600.43;;3707.22;0.529;756;0.355;1173;0.626;3702;0.342;;;133.77;0.233;1214.47;0.315;46481;0.275;1377.45;0.127
2071.5;0.82;2604;0.855;604.82;0.598;3739.18;0.43;761.5;0.308;1185;0.624;3724;0.387;;;134.52;0.204;1226.56;0.297;47005;0.292;1392.5;0.089
2091;0.808;2631.5;0.888;608.98;0.464;3772.45;0.388;767;;1196;0.692;3746;0.399;;;135.37;0.248;1238.79;0.393;47545;0.374;1404;0.1
2110.75;0.838;2658.18;0.975;613.13;0.6;3796.98;0.415;773;0.381;1206;0.762;3768;0.366;;;136.3;0.229;1252.05;0.397;48204;0.459;1413.6;0.143
2130.25;0.814;2683.5;0.953;617.52;0.712;3840.1;0.45;780;0.337;1218;0.715;3790;0.346;;;137.07;0.282;1265.06;0.422;49514;0.354;1425.25;0.112
2150;0.79;2709.41;;621.61;0.739;3873.38;0.439;786.5;0.33;1229;0.855;3812;0.35;;;137.91;0.264;1278.37;0.373;50352;0.258;1438.2;0.097
2170;0.82;2736.18;1.033;625.64;0.857;3891.53;0.424;792;0.308;1240;0.894;3834;0.419;;;139.05;0.273;1291.68;0.437;51938;0.289;1450.85;0.109
2189.5;0.708;2762.09;1.234;629.89;0.914;3922.16;0.536;799.5;0.325;1251;0.943;3856;0.358;;;140.74;0.321;1304.24;0.332;52923;0.391;1463.2;0.123
2209;0.88;2788.5;0.765;633.96;0.66;3965.26;0.437;808;0.287;;;3878;0.342;;;142.46;0.284;1316.35;0.356;54018;0.493;1476.3;0.098
2229;0.96;2816;0.942;638.09;0.779;4020.42;0.449;814;0.372;;;3900;0.415;;;143.65;0.233;1328.92;0.317;54914;0.435;1488.7;0.081
2249;1.21;2844.5;0.915;642.44;0.662;4044.94;0.52;817;0.213;;;3922;0.338;;;144.66;0.252;1342.77;0.357;56072;0.381;1499.5;0.132
2269;0.93;2871.5;0.8;646.51;0.739;4087.84;0.485;822;0.285;;;3944;0.379;;;145.57;0.431;1355.98;0.337;57115;0.395;1511.4;0.133
2289;0.813;2899;0.867;650.54;0.72;4127.86;;831;0.37;;;3966;0.326;;;146.6;0.291;1369.12;0.316;58348;0.403;1523.45;0.142
2309;0.564;2928.5;0.928;654.79;0.707;4167.9;0.551;839;0.337;;;3988;0.379;;;147.67;0.151;1382;0.285;59323;0.528;1535.85;0.129
2329;0.786;2955.09;;658.86;0.72;4229.78;0.425;846.3;0.344;;;4010;0.366;;;148.65;0.252;1394.09;0.287;60314;0.531;1548.65;0.104
2349;0.716;2980.59;0.734;662.99;0.51;4292.2;0.493;854.3;;;;4032;0.342;;;149.6;0.279;1407.94;0.325;61478;0.434;1566.25;0.102
2369;0.736;3007.5;0.843;667.34;;4307.6;0.489;862.5;0.299;;;4054;0.37;;;150.53;0.202;1421.66;0.305;62497;0.383;1583.4;0.101
2389;0.84;3035.5;0.686;671.69;0.734;4338.4;0.481;871;0.353;;;4076;0.366;;;151.5;0.188;1434.74;0.296;63612;0.704;1595.35;0.124
2409.5;0.756;3064.5;0.925;676.27;0.844;;;878.5;0.392;;;4098;0.37;;;152.34;0.192;1448.18;0.317;63834;0.621;1607.75;0.111
2430;0.747;3093.5;1.078;681.11;0.622;;;885;0.46;;;4120;0.322;;;153.33;0.25;1462.18;0.34;64118;0.376;1620.6;0.108
2450;0.729;3122;0.828;685.67;0.766;;;892;0.409;;;4142;0.362;;;154.4;0.233;1477.4;0.296;64685;0.331;1633.6;0.107
2470.5;0.771;;;690.22;0.756;;;901;0.469;;;4164;0.391;;;155.33;0.178;1492.89;0.341;65820;0.284;1646.95;0.094
2491;0.74;;;695.03;0.575;;;910.5;0.514;;;4186;0.358;;;156.22;0.232;1506.63;0.355;66973;0.327;1659.15;0.09
2511;1.05;;;699.66;1.04;;;918.5;0.45;;;4208;0.338;;;157.27;0.19;1519.09;0.341;67948;0.315;1670.15;0.136
2531.5;0.713;;;704.37;0.645;;;926;0.334;;;4230;0.374;;;159.51;0.198;1533.01;0.308;72457;0.302;1683.65;0.143
2552;0.88;;;709.34;0.564;;;934;;;;4252;0.415;;;161.29;0.136;1547.06;0.211;73970;0.278;1698.45;0.134
2572.5;0.85;;;713.97;0.599;;;942;0.37;;;4274;0.342;;;162.79;0.234;1560.32;0.249;75694;0.253;1712.2;0.133
2593;0.96;;;718.52;0.562;;;949;0.441;;;4296;0.354;;;163.63;0.172;1574.36;0.233;77357;0.265;1724.9;0.117
2613.5;0.95;;;723.33;0.623;;;955;0.354;;;4318;0.334;;;164.61;0.192;1587.51;0.249;79614;0.278;1737.9;0.125
2634;0.969;;;728.02;0.802;;;961.5;0.318;;;4340;0.358;;;170.27;0.171;1600.8;0.264;80421;0.254;1752.6;0.123
2654.5;0.977;;;732.87;0.923;;;966.9;0.338;;;4362;0.391;;;174.88;0.242;1614.26;0.292;80869;0.227;1767.4;0.111
2675;0.8;;;737.98;0.652;;;969.1;;;;4384;0.374;;;177.21;0.147;1626.93;0.28;82267;0.317;1780.55;0.108
2695.5;0.622;;;742.74;0.657;;;971.4;0.35;;;4406;0.383;;;184.19;0.136;1640.11;0.228;82634;0.406;1791.3;0.105
2716.5;0.62;;;747.42;0.551;;;975.3;;;;4428;0.411;;;185.87;0.191;1653.14;0.237;83620;0.293;1800.05;0.112
2737.5;0.782;;;752.36;0.693;;;981.5;0.423;;;4450;0.395;;;187.5;0.244;1666.14;0.285;84050;0.188;1811.65;0.131
2758;0.795;;;757.17;0.535;;;990.5;0.31;;;4472;0.362;;;188.77;0.139;1679.58;0.323;85445;0.247;1825.45;0.161
2778.5;0.783;;;762.11;0.632;;;999;0.355;;;4494;0.379;;;189.95;0.15;1693;0.35;87340;0.202;1838.55;0.141
2799.5;0.612;;;767.33;0.565;;;1004;0.315;;;4516;0.452;;;190.67;0.235;1706.11;0.331;88288;0.212;1851;0.123
2820.5;0.822;;;772.07;0.532;;;1009.5;0.231;;;4538;0.419;;;191.49;0.229;1718.15;0.291;89284;0.221;1864.15;0.115
2841.5;0.819;;;776.62;0.67;;;1019;0.437;;;4560;0.35;;;192.94;0.229;1730.04;0.283;90990;0.31;1879.35;0.116
2862.5;0.658;;;781.43;0.713;;;1025.5;0.308;;;4582;0.415;;;194.96;0.14;1743.01;0.3;93840;0.333;1893.3;0.113
2883.5;0.819;;;785.89;0.606;;;1034;0.397;;;4604;0.366;;;196.47;0.311;1755.53;0.242;95807;0.235;1906.25;0.126
2904;0.74;;;790.28;0.747;;;1045;0.364;;;4626;0.354;;;197.91;0.18;1767.28;0.235;96878;0.252;1919.3;0.096
2924.5;0.73;;;794.91;0.469;;;1053;0.394;;;4648;0.415;;;199.55;0.177;1779.94;0.244;98887;0.267;1932.25;0.122
2945.5;0.838;;;799.33;0.51;;;1061.5;0.37;;;4670;0.383;;;200.74;0.265;1791.96;0.265;100230;0.273;1946.1;0.123
2966.5;0.68;;;803.78;0.632;;;1070;0.375;;;4692;0.366;;;201.72;0.261;1803.07;0.277;102240;0.194;1959.5;0.127
2988;0.856;;;808.47;0.777;;;1078;0.338;;;4714;0.407;;;202.71;0.28;1814.25;0.317;103650;0.265;1973;0.109
3009.5;0.76;;;812.88;0.455;;;1083.1;0.361;;;4736;0.33;;;203.78;0.249;1825.87;0.368;105980;0.283;1986.35;0.126
3030.5;0.742;;;817.23;0.478;;;1088.1;;;;4758;0.342;;;204.83;0.26;1837.78;0.331;106790;0.301;1999.05;0.123
3051.5;0.881;;;821.82;0.515;;;1095.5;0.353;;;4780;0.448;;;205.89;0.108;1848.7;0.252;109970;0.264;2009.65;0.102
3072.5;0.81;;;826.09;0.422;;;1103;0.359;;;4802;0.423;;;206.85;0.187;1860.3;0.283;110760;0.241;2017.95;0.116
3093.5;0.8;;;830.28;0.744;;;;;;;4824;0.468;;;207.58;0.177;1872.61;0.316;111730;0.241;2028.65;0.101
3114.5;0.74;;;834.71;0.39;;;;;;;4846;0.403;;;208.58;0.288;1885.36;0.307;112620;0.227;2041.5;0.122
3135.5;0.851;;;838.85;0.412;;;;;;;4868;0.456;;;209.77;0.189;1897.87;0.144;115360;0.213;2054.6;0.136
3156.5;0.682;;;842.94;0.471;;;;;;;4890;0.399;;;210.83;0.222;1909.14;0.318;119470;0.204;2067.7;0.12
3178;0.813;;;847.25;0.6;;;;;;;4912;0.322;;;212.11;0.226;1921.04;0.297;122340;0.158;2081.1;0.12
3199.5;0.829;;;851.35;0.624;;;;;;;4934;0.354;;;213.26;0.222;1932.66;0.281;125080;0.176;2094.05;0.122
3220.5;0.727;;;855.44;0.47;;;;;;;4956;0.354;;;214.15;0.239;1944.2;0.273;135990;0.204;2106.8;0.116
3241.5;1.04;;;859.75;0.503;;;;;;;4978;0.387;;;215.08;0.241;1956.78;0.281;142560;0.23;2120.7;0.134
3263;0.842;;;863.85;0.458;;;;;;;5000;0.338;;;217.25;0.195;1968.88;0.257;149680;0.291;2134.05;0.114
3284.5;0.838;;;867.94;0.469;;;;;;;5022;0.334;;;218.31;0.16;1980.48;0.241;155880;0.25;2147.55;0.108
3305.5;0.83;;;872.25;0.591;;;;;;;5044;0.387;;;219.23;0.209;1991.9;0.262;160070;0.218;2160.95;0.121
3326.75;0.866;;;876.59;0.553;;;;;;;5066;0.407;;;220.29;0.276;2010.66;0.312;165100;0.219;2173.65;0.108
3348.25;0.797;;;881.17;0.57;;;;;;;5088;0.317;;;221.25;0.194;2030.11;0.257;171760;0.229;2186.8;0.131
3369.5;0.728;;;886.01;0.604;;;;;;;5110;0.395;;;222.04;0.191;2042.23;0.243;175160;0.266;2198.1;0.134
3390.5;0.75;;;890.59;0.563;;;;;;;5132;0.326;;;222.74;0.175;2052.95;0.282;178930;0.17;2205.75;0.113
3411.5;0.718;;;895.17;0.484;;;;;;;5154;0.346;;;223.64;0.156;2064.45;0.264;183490;0.173;2213.8;0.105
3433;0.823;;;900.01;0.671;;;;;;;5176;0.33;;;224.67;0.327;;;188150;0.248;2222.9;0.1
3454.5;0.751;;;904.59;0.833;;;;;;;5198;0.313;;;225.46;0.184;;;190480;0.223;2229.16;0.109
3475.5;0.81;;;909.17;0.74;;;;;;;5220;0.395;;;227.04;0.147;;;195140;0.201;2237.72;0.118
3497;0.83;;;914.01;0.669;;;;;;;5242;0.427;;;228.06;0.22;;;204550;0.189;2249.64;0.124
3518.5;0.719;;;918.66;0.626;;;;;;;5264;0.419;;;228.69;0.184;;;211530;0.162;2260.15;0.119
3540;0.741;;;923.37;0.55;;;;;;;5286;0.468;;;229.54;0.176;;;225600;0.125;2270.1;0.123
3561.5;0.89;;;928.34;0.763;;;;;;;5308;0.497;;;230.69;0.253;;;;;2280.12;0.136
3582.5;0.811;;;933.12;0.643;;;;;;;5330;0.452;;;231.75;0.209;;;;;2290.68;0.15
3604;0.84;;;937.97;0.707;;;;;;;5352;0.366;;;232.65;0.169;;;;;2302.09;0.157
3625.5;0.777;;;943.08;0.589;;;;;;;5374;0.362;;;233.42;0.198;;;;;2313.51;0.183
3647;0.674;;;947.94;0.628;;;;;;;5396;0.387;;;234.35;0.162;;;;;2324.04;0.196
3668.5;0.834;;;952.81;0.633;;;;;;;5418;0.362;;;235.44;0.187;;;;;2334.13;0.164
3690;0.861;;;957.96;0.521;;;;;;;5440;0.448;;;236.67;0.207;;;;;2345.15;0.154
3711.5;0.84;;;962.89;0.706;;;;;;;5462;0.444;;;237.98;0.257;;;;;4200;
3733;0.74;;;967.86;0.842;;;;;;;5484;0.44;;;239.35;0.312;;;;;5380.7;0.14
3754.5;0.75;;;973.11;0.592;;;;;;;5506;0.342;;;240.89;0.332;;;;;5403.6;0.152
3776;0.818;;;977.91;0.531;;;;;;;5528;0.374;;;242.06;0.279;;;;;5426.15;0.163
3797.5;0.749;;;982.52;0.857;;;;;;;5550;0.452;;;248.98;0.183;;;;;5448.45;0.174
3819;0.85;;;987.39;0.536;;;;;;;5572;0.431;;;250.01;0.299;;;;;5467.75;0.176
3841;0.748;;;992.09;0.482;;;;;;;5594;0.48;;;250.92;0.37;;;;;5487.35;0.162
3862.5;0.666;;;996.87;0.504;;;;;;;5616;0.448;;;251.64;0.182;;;;;5509.2;0.134
3884;0.868;;;1001.91;0.573;;;;;;;5638;0.366;;;315.44;0.257;;;;;5531.65;0.122
3906;0.866;;;1006.69;0.586;;;;;;;5660;0.395;;;329.79;0.234;;;;;5553.4;0.162
3927.5;0.649;;;1011.47;0.464;;;;;;;5682;0.395;;;342.7;0.22;;;;;5573.4;0.189
3949;0.82;;;1016.51;0.529;;;;;;;5704;0.395;;;397.42;0.241;;;;;5595.1;0.169
3971;0.86;;;1021.27;0.509;;;;;;;5726;0.415;;;409.85;0.26;;;;;5618.25;
3992.5;0.795;;;1026.02;0.579;;;;;;;5748;0.391;;;421.93;0.291;;;;;5639.7;0.13
4014;0.758;;;1031.03;0.528;;;;;;;5770;0.366;;;434.49;0.257;;;;;5659.35;
4036;0.776;;;;;;;;;;;5792;0.366;;;446.85;0.262;;;;;5678.1;0.153
4057.5;0.809;;;;;;;;;;;5814;0.362;;;460.75;0.249;;;;;5695.95;0.161
4079;0.718;;;;;;;;;;;5836;0.403;;;475.28;0.326;;;;;5713.45;0.146
4101;0.772;;;;;;;;;;;5858;0.435;;;485.46;0.285;;;;;5733.25;0.147
4123;0.838;;;;;;;;;;;5880;0.48;;;509.58;0.286;;;;;5754.25;0.134
4144.5;0.75;;;;;;;;;;;5902;0.48;;;535.34;0.25;;;;;5774.25;0.123
4166;0.823;;;;;;;;;;;5924;0.452;;;554.43;0.276;;;;;5793.2;0.149
4188;0.755;;;;;;;;;;;5946;0.399;;;570.57;0.223;;;;;5811.5;0.158
4210;1;;;;;;;;;;;5968;0.387;;;627.87;0.281;;;;;5829.45;0.133
4231.5;0.911;;;;;;;;;;;5990;0.44;;;642.07;0.246;;;;;5847.05;0.167
4253;0.948;;;;;;;;;;;6012;0.37;;;656.31;0.246;;;;;5865.45;0.168
4275;0.798;;;;;;;;;;;6034;0.423;;;671.28;0.272;;;;;5884.75;0.172
4297;0.78;;;;;;;;;;;6056;0.383;;;685.94;0.241;;;;;5904;0.202
4319;0.883;;;;;;;;;;;6078;0.411;;;700.14;0.187;;;;;5923.2;0.188
4340.5;0.853;;;;;;;;;;;6100;0.448;;;714.79;0.218;;;;;5942.6;0.173
4362;0.802;;;;;;;;;;;6122;0.444;;;729.49;0.208;;;;;5963.2;0.14
4384;0.787;;;;;;;;;;;6144;0.452;;;741.67;0.191;;;;;5983.75;0.15
4406;0.835;;;;;;;;;;;6166;0.452;;;753.59;0.217;;;;;6003.05;0.273
4428;0.765;;;;;;;;;;;6188;0.431;;;767.57;0.229;;;;;6022.45;0.131
4450;0.754;;;;;;;;;;;6210;0.448;;;783.01;0.228;;;;;6043.1;0.137
4472;0.767;;;;;;;;;;;6232;0.407;;;798.77;0.194;;;;;6064.8;0.141
4493.5;0.78;;;;;;;;;;;6254;0.452;;;813.26;0.212;;;;;6085.2;0.151
4515;0.781;;;;;;;;;;;6276;0.598;;;827.33;0.208;;;;;6104.2;0.15
4537;0.742;;;;;;;;;;;6298;0.509;;;841.07;0.186;;;;;6124.1;0.152
4559;0.812;;;;;;;;;;;6320;0.448;;;855.51;0.171;;;;;6144.05;0.16
4581;0.904;;;;;;;;;;;6342;0.419;;;869.9;0.245;;;;;6163.3;0.154
4603;1.04;;;;;;;;;;;6364;0.427;;;883.94;0.283;;;;;6182.45;0.168
4625;0.998;;;;;;;;;;;6386;0.517;;;898.5;0.25;;;;;6201.6;0.186
4647;0.815;;;;;;;;;;;6408;0.533;;;912.63;0.26;;;;;6220.4;0.154
4669;0.69;;;;;;;;;;;6430;0.395;;;926.92;0.204;;;;;6239;0.152
4691;0.837;;;;;;;;;;;6452;0.374;;;942.8;0.299;;;;;6257.65;0.175
4713;0.683;;;;;;;;;;;6474;0.387;;;958.76;0.244;;;;;6277.1;
4735;0.88;;;;;;;;;;;6496;0.419;;;973.86;0.194;;;;;6296.6;0.242
4757;0.801;;;;;;;;;;;6518;0.411;;;989.67;0.203;;;;;6316.15;0.158
4779;0.675;;;;;;;;;;;6540;0.387;;;1005.9;0.178;;;;;6336.2;0.139
4801;0.92;;;;;;;;;;;6562;0.435;;;1021.01;0.223;;;;;6355.6;0.165
4823;0.723;;;;;;;;;;;6584;0.391;;;1036.84;0.239;;;;;6375.35;0.139
4845;0.746;;;;;;;;;;;6606;0.44;;;1054.15;0.2;;;;;6394.7;0.168
4867;0.822;;;;;;;;;;;6628;0.472;;;1070.91;0.205;;;;;6413.6;0.181
4889.5;0.753;;;;;;;;;;;6650;0.509;;;1087.89;0.219;;;;;6432.95;0.155
4912;0.709;;;;;;;;;;;6672;0.472;;;1104.93;0.207;;;;;6451.85;0.16
4934;0.676;;;;;;;;;;;6694;0.403;;;1121.41;0.233;;;;;6469.75;0.153
4956;0.804;;;;;;;;;;;6716;0.415;;;1138.18;0.23;;;;;6487.95;0.179
4978;1.06;;;;;;;;;;;6738;0.554;;;1156;0.254;;;;;6507.25;0.146
5000;1.03;;;;;;;;;;;6760;0.399;;;1173.88;0.195;;;;;6526.25;0.154
5022.25;0.969;;;;;;;;;;;6782;0.46;;;1190.96;0.174;;;;;6545.3;0.144
5044.75;0.89;;;;;;;;;;;6804;0.399;;;1207.27;0.213;;;;;6564.85;0.161
5067.13;0.846;;;;;;;;;;;6826;0.419;;;1223.41;0.227;;;;;6584.35;0.147
5089.38;0.66;;;;;;;;;;;6848;0.435;;;1241.38;0.275;;;;;6603.4;0.156
5111.63;0.74;;;;;;;;;;;6870;0.431;;;1259.29;0.232;;;;;6622.8;0.172
5133.88;0.78;;;;;;;;;;;6892;0.517;;;1276.11;0.251;;;;;6642.85;0.19
5156;0.983;;;;;;;;;;;6914;0.399;;;1331.74;0.224;;;;;6662.15;0.19
5178;0.9;;;;;;;;;;;6936;0.468;;;1352.06;0.214;;;;;6681.5;0.156
5200.25;0.735;;;;;;;;;;;6958;0.452;;;1372.33;0.216;;;;;6701.45;0.145
5222.75;0.79;;;;;;;;;;;6980;0.435;;;1413.83;0.193;;;;;6721.55;0.162
5245.25;0.766;;;;;;;;;;;7002;0.427;;;1453.46;0.2;;;;;6741.5;0.184
5267.75;0.94;;;;;;;;;;;7024;0.399;;;1472.87;0.217;;;;;6761.4;0.136
5290;0.831;;;;;;;;;;;7046;0.395;;;1492.64;0.234;;;;;6781.3;0.156
5312;0.895;;;;;;;;;;;7068;0.379;;;1512.96;0.219;;;;;6801.2;0.144
5334.25;0.71;;;;;;;;;;;7090;0.46;;;1532.63;0.237;;;;;6821.6;0.139
5356.75;0.8;;;;;;;;;;;7112;0.403;;;1551.84;0.196;;;;;6842.05;0.155
5379.25;0.868;;;;;;;;;;;7134;0.541;;;1612.32;0.203;;;;;6862.65;0.158
5401.75;0.79;;;;;;;;;;;;;;;1654.52;0.233;;;;;6884.05;0.181
5424.25;0.712;;;;;;;;;;;;;;;1674.45;0.217;;;;;6905.25;0.177
5446.75;0.741;;;;;;;;;;;;;;;1694.99;0.205;;;;;6925.6;0.143
5469;0.77;;;;;;;;;;;;;;;1715.69;0.188;;;;;6946.1;0.157
5491.5;0.704;;;;;;;;;;;;;;;1736.81;0.184;;;;;6966.8;0.164
5514;0.78;;;;;;;;;;;;;;;1757.43;0.224;;;;;6986.75;0.151
5536.5;0.87;;;;;;;;;;;;;;;1819.75;0.185;;;;;7006.85;0.163
5559;0.841;;;;;;;;;;;;;;;1841.96;0.205;;;;;7027.2;0.147
5581.25;0.896;;;;;;;;;;;;;;;1864.26;0.21;;;;;7047.95;0.141
5603.75;0.97;;;;;;;;;;;;;;;1909.35;0.208;;;;;7069.5;0.155
5626.33;0.94;;;;;;;;;;;;;;;1929.51;0.233;;;;;7091.5;0.175
5649;0.82;;;;;;;;;;;;;;;1950.58;0.171;;;;;7113.4;0.155
5671.67;0.78;;;;;;;;;;;;;;;1994.89;0.187;;;;;7135.1;0.156
5694.25;0.83;;;;;;;;;;;;;;;2016.36;0.202;;;;;;
5716.75;0.86;;;;;;;;;;;;;;;2038.64;0.218;;;;;;
5739.5;0.76;;;;;;;;;;;;;;;2062.27;0.2;;;;;;
5762;0.75;;;;;;;;;;;;;;;2109.22;0.213;;;;;;
5784.5;0.891;;;;;;;;;;;;;;;2132.97;0.187;;;;;;
5807.5;0.83;;;;;;;;;;;;;;;2155.48;0.215;;;;;;
5830;0.812;;;;;;;;;;;;;;;2195.57;0.234;;;;;;
5852.5;0.948;;;;;;;;;;;;;;;2220.71;0.277;;;;;;
5875.5;0.92;;;;;;;;;;;;;;;2245.48;0.262;;;;;;
5898.25;0.783;;;;;;;;;;;;;;;2293.32;0.178;;;;;;
5920.75;0.91;;;;;;;;;;;;;;;2315.61;0.207;;;;;;
5943.5;1.07;;;;;;;;;;;;;;;2339.76;0.182;;;;;;
5966.5;0.98;;;;;;;;;;;;;;;2363.27;0.207;;;;;;
5989.5;0.813;;;;;;;;;;;;;;;2387.12;0.191;;;;;;
6012.36;0.859;;;;;;;;;;;;;;;2412.89;0.178;;;;;;
6035.07;0.75;;;;;;;;;;;;;;;2437.56;0.18;;;;;;
6057.79;0.97;;;;;;;;;;;;;;;2461.28;0.198;;;;;;
6080.5;0.83;;;;;;;;;;;;;;;2486.12;0.203;;;;;;
6103.21;0.91;;;;;;;;;;;;;;;2513.33;0.218;;;;;;
6125.93;0.88;;;;;;;;;;;;;;;2540.78;0.222;;;;;;
6148.64;0.87;;;;;;;;;;;;;;;2567.98;0.241;;;;;;
6171.5;0.857;;;;;;;;;;;;;;;2595.21;0.255;;;;;;
6194.5;0.816;;;;;;;;;;;;;;;2620.71;0.231;;;;;;
6217.5;1.1;;;;;;;;;;;;;;;2647.04;0.195;;;;;;
6240.5;0.87;;;;;;;;;;;;;;;2676;0.177;;;;;;
6263.5;1;;;;;;;;;;;;;;;2704.54;0.189;;;;;;
6286.5;1.1;;;;;;;;;;;;;;;2787.62;0.2;;;;;;
6309.5;1.07;;;;;;;;;;;;;;;2815.83;0.199;;;;;;
6332.5;0.86;;;;;;;;;;;;;;;2844.28;0.182;;;;;;
6355.5;0.885;;;;;;;;;;;;;;;2875.23;0.188;;;;;;
6378.5;0.79;;;;;;;;;;;;;;;2911.19;0.183;;;;;;
6401.5;0.87;;;;;;;;;;;;;;;2946.13;0.199;;;;;;
6424.5;0.85;;;;;;;;;;;;;;;2978.5;0.183;;;;;;
6447.5;0.857;;;;;;;;;;;;;;;3008.64;0.209;;;;;;
6470.5;0.953;;;;;;;;;;;;;;;3038.67;0.212;;;;;;
6493.38;0.83;;;;;;;;;;;;;;;3079.16;0.194;;;;;;
6516.13;1.13;;;;;;;;;;;;;;;3119.62;0.205;;;;;;
6538.88;0.88;;;;;;;;;;;;;;;3151.33;0.198;;;;;;
6561.63;0.84;;;;;;;;;;;;;;;3182.91;0.206;;;;;;
6584.5;0.9;;;;;;;;;;;;;;;3216.31;0.215;;;;;;
6607.5;0.87;;;;;;;;;;;;;;;3250.22;0.207;;;;;;
6630.5;0.848;;;;;;;;;;;;;;;3349.64;0.196;;;;;;
6653.5;0.79;;;;;;;;;;;;;;;3393.91;0.217;;;;;;
6676.5;0.81;;;;;;;;;;;;;;;3429.05;0.203;;;;;;
6699.5;0.82;;;;;;;;;;;;;;;3497.12;0.2;;;;;;
6722.5;0.861;;;;;;;;;;;;;;;3568.31;0.179;;;;;;
6745.5;1.04;;;;;;;;;;;;;;;3800.78;0.196;;;;;;
;;;;;;;;;;;;;;;;3835.48;0.18;;;;;;
;;;;;;;;;;;;;;;;3868.4;0.191;;;;;;
;;;;;;;;;;;;;;;;3901.97;0.188;;;;;;
;;;;;;;;;;;;;;;;3936.01;0.184;;;;;;
;;;;;;;;;;;;;;;;4141.37;0.203;;;;;;
;;;;;;;;;;;;;;;;4178.42;0.196;;;;;;
;;;;;;;;;;;;;;;;4221.82;0.2;;;;;;
;;;;;;;;;;;;;;;;4273.58;0.215;;;;;;
;;;;;;;;;;;;;;;;4602.7;0.218;;;;;;
;;;;;;;;;;;;;;;;4643.04;0.188;;;;;;
;;;;;;;;;;;;;;;;4921.29;0.192;;;;;;
;;;;;;;;;;;;;;;;5217.51;0.201;;;;;;
;;;;;;;;;;;;;;;;5321.33;0.241;;;;;;
;;;;;;;;;;;;;;;;5370.69;0.208;;;;;;
;;;;;;;;;;;;;;;;5416.02;0.243;;;;;;
;;;;;;;;;;;;;;;;5455.92;0.225;;;;;;
;;;;;;;;;;;;;;;;5541.78;0.2;;;;;;
;;;;;;;;;;;;;;;;5584.91;0.187;;;;;;
;;;;;;;;;;;;;;;;5627.31;0.218;;;;;;
;;;;;;;;;;;;;;;;5905.18;0.233;;;;;;
;;;;;;;;;;;;;;;;6197.56;0.211;;;;;;
;;;;;;;;;;;;;;;;6235.17;0.201;;;;;;
;;;;;;;;;;;;;;;;6272.64;0.192;;;;;;
;;;;;;;;;;;;;;;;6310.87;0.209;;;;;;
;;;;;;;;;;;;;;;;6418.34;0.207;;;;;;
;;;;;;;;;;;;;;;;6459.31;0.229;;;;;;
;;;;;;;;;;;;;;;;6820.81;0.212;;;;;;
;;;;;;;;;;;;;;;;7437.21;0.233;;;;;;
;;;;;;;;;;;;;;;;8372.4;0.194;;;;;;
;;;;;;;;;;;;;;;;8539.93;0.28;;;;;;
;;;;;;;;;;;;;;;;8697.08;0.198;;;;;;
;;;;;;;;;;;;;;;;9367.08;0.187;;;;;;
;;;;;;;;;;;;;;;;9967.08;0.183;;;;;;
;;;;;;;;;;;;;;;;10709.58;0.191;;;;;;
;;;;;;;;;;;;;;;;10748.19;0.21;;;;;;
;;;;;;;;;;;;;;;;10829.86;0.197;;;;;;
;;;;;;;;;;;;;;;;10990.69;0.268;;;;;;
;;;;;;;;;;;;;;;;11004.31;0.228;;;;;;
;;;;;;;;;;;;;;;;11077.92;0.251;;;;;;
;;;;;;;;;;;;;;;;11137.22;0.2;;;;;;
;;;;;;;;;;;;;;;;11242.36;0.222;;;;;;
;;;;;;;;;;;;;;;;11275;0.21;;;;;;
;;;;;;;;;;;;;;;;11309.86;0.214;;;;;;
;;;;;;;;;;;;;;;;11701.25;0.204;;;;;;
;;;;;;;;;;;;;;;;11823.61;0.195;;;;;;
;;;;;;;;;;;;;;;;11866.25;0.206;;;;;;
;;;;;;;;;;;;;;;;11879.31;0.27;;;;;;
;;;;;;;;;;;;;;;;11981.94;0.218;;;;;;
;;;;;;;;;;;;;;;;12435.97;0.253;;;;;;
;;;;;;;;;;;;;;;;12536.53;0.251;;;;;;
;;;;;;;;;;;;;;;;13000.97;0.238;;;;;;
;;;;;;;;;;;;;;;;13314.17;0.316;;;;;;
;;;;;;;;;;;;;;;;13362.36;0.258;;;;;;
;;;;;;;;;;;;;;;;13418.19;0.267;;;;;;
;;;;;;;;;;;;;;;;13442.08;0.268;;;;;;
;;;;;;;;;;;;;;;;13465.56;0.294;;;;;;
;;;;;;;;;;;;;;;;13492.92;0.252;;;;;;
;;;;;;;;;;;;;;;;13633.33;0.286;;;;;;
;;;;;;;;;;;;;;;;13887.5;0.357;;;;;;
;;;;;;;;;;;;;;;;13912.36;0.363;;;;;;
;;;;;;;;;;;;;;;;13934.44;0.312;;;;;;
;;;;;;;;;;;;;;;;13957.36;0.322;;;;;;
;;;;;;;;;;;;;;;;13983.47;0.337;;;;;;
;;;;;;;;;;;;;;;;14453.33;0.446;;;;;;
;;;;;;;;;;;;;;;;14653.06;0.365;;;;;;
;;;;;;;;;;;;;;;;14677.64;0.347;;;;;;
;;;;;;;;;;;;;;;;14704.31;0.345;;;;;;
;;;;;;;;;;;;;;;;14730.83;0.363;;;;;;
;;;;;;;;;;;;;;;;14784.58;0.403;;;;;;
;;;;;;;;;;;;;;;;14809.86;0.393;;;;;;
;;;;;;;;;;;;;;;;14887.36;0.362;;;;;;
;;;;;;;;;;;;;;;;14914.31;0.4;;;;;;
;;;;;;;;;;;;;;;;14941.67;0.434;;;;;;
;;;;;;;;;;;;;;;;14969.44;0.385;;;;;;
;;;;;;;;;;;;;;;;14997.08;0.353;;;;;;
;;;;;;;;;;;;;;;;15024.72;0.326;;;;;;
;;;;;;;;;;;;;;;;15203.89;0.416;;;;;;
;;;;;;;;;;;;;;;;15247.78;0.439;;;;;;
;;;;;;;;;;;;;;;;15274.17;0.446;;;;;;
;;;;;;;;;;;;;;;;15300.97;0.457;;;;;;
;;;;;;;;;;;;;;;;15327.92;0.401;;;;;;
;;;;;;;;;;;;;;;;15354.44;0.418;;;;;;
;;;;;;;;;;;;;;;;15380.14;0.399;;;;;;
;;;;;;;;;;;;;;;;15406.25;0.351;;;;;;
;;;;;;;;;;;;;;;;15432.92;0.393;;;;;;
;;;;;;;;;;;;;;;;15481.11;0.455;;;;;;
;;;;;;;;;;;;;;;;15506.81;0.43;;;;;;
;;;;;;;;;;;;;;;;15559.44;0.414;;;;;;
;;;;;;;;;;;;;;;;15585.42;0.39;;;;;;
;;;;;;;;;;;;;;;;15612.08;0.394;;;;;;
;;;;;;;;;;;;;;;;15635;0.381;;;;;;
;;;;;;;;;;;;;;;;15685.69;0.41;;;;;;
;;;;;;;;;;;;;;;;15712.78;0.325;;;;;;
;;;;;;;;;;;;;;;;15740.83;0.328;;;;;;
;;;;;;;;;;;;;;;;15767.64;0.406;;;;;;
;;;;;;;;;;;;;;;;15792.36;0.352;;;;;;
;;;;;;;;;;;;;;;;15842.92;0.401;;;;;;
;;;;;;;;;;;;;;;;15894.31;0.352;;;;;;
;;;;;;;;;;;;;;;;15939.44;0.364;;;;;;
;;;;;;;;;;;;;;;;15988.19;0.221;;;;;;
;;;;;;;;;;;;;;;;16033.06;0.323;;;;;;
;;;;;;;;;;;;;;;;16049.03;0.266;;;;;;
;;;;;;;;;;;;;;;;16112.92;0.302;;;;;;
;;;;;;;;;;;;;;;;16140.83;0.33;;;;;;
;;;;;;;;;;;;;;;;16168.61;0.268;;;;;;
;;;;;;;;;;;;;;;;16194.31;0.339;;;;;;
;;;;;;;;;;;;;;;;16220.69;0.398;;;;;;
;;;;;;;;;;;;;;;;16292.08;0.357;;;;;;
;;;;;;;;;;;;;;;;16370.83;0.385;;;;;;
;;;;;;;;;;;;;;;;16398.33;0.39;;;;;;
;;;;;;;;;;;;;;;;16452.92;0.367;;;;;;
;;;;;;;;;;;;;;;;16479.58;0.379;;;;;;
;;;;;;;;;;;;;;;;16526.94;0.428;;;;;;
;;;;;;;;;;;;;;;;16603.75;0.427;;;;;;
;;;;;;;;;;;;;;;;16669.58;0.353;;;;;;
;;;;;;;;;;;;;;;;16796.53;0.382;;;;;;
;;;;;;;;;;;;;;;;16820.69;0.364;;;;;;
;;;;;;;;;;;;;;;;16845.69;0.356;;;;;;
;;;;;;;;;;;;;;;;16898.47;0.384;;;;;;
;;;;;;;;;;;;;;;;16923.19;0.535;;;;;;
;;;;;;;;;;;;;;;;16950.28;0.436;;;;;;
;;;;;;;;;;;;;;;;16973.61;0.384;;;;;;
;;;;;;;;;;;;;;;;17030.42;0.36;;;;;;
;;;;;;;;;;;;;;;;17074.03;0.384;;;;;;
;;;;;;;;;;;;;;;;17097.92;0.46;;;;;;
;;;;;;;;;;;;;;;;17169.31;0.363;;;;;;
;;;;;;;;;;;;;;;;17193.89;0.373;;;;;;
;;;;;;;;;;;;;;;;17247.08;0.411;;;;;;
;;;;;;;;;;;;;;;;17322.36;0.333;;;;;;
;;;;;;;;;;;;;;;;17351.25;0.329;;;;;;
;;;;;;;;;;;;;;;;17402.78;0.382;;;;;;
;;;;;;;;;;;;;;;;17423.89;0.393;;;;;;
;;;;;;;;;;;;;;;;17442.08;0.513;;;;;;
;;;;;;;;;;;;;;;;17489.58;0.583;;;;;;
;;;;;;;;;;;;;;;;17514.03;0.464;;;;;;
;;;;;;;;;;;;;;;;17540.97;0.515;;;;;;
;;;;;;;;;;;;;;;;17592.78;0.502;;;;;;
;;;;;;;;;;;;;;;;17613.89;0.555;;;;;;
;;;;;;;;;;;;;;;;17658.33;0.607;;;;;;
;;;;;;;;;;;;;;;;17760.56;0.58;;;;;;
;;;;;;;;;;;;;;;;17805.83;0.544;;;;;;
;;;;;;;;;;;;;;;;17898.61;0.482;;;;;;
;;;;;;;;;;;;;;;;17928.33;0.545;;;;;;
;;;;;;;;;;;;;;;;17999.17;0.34;;;;;;
;;;;;;;;;;;;;;;;18026.39;0.291;;;;;;
;;;;;;;;;;;;;;;;18051.39;0.304;;;;;;
;;;;;;;;;;;;;;;;18108.89;0.337;;;;;;
;;;;;;;;;;;;;;;;18225.14;0.352;;;;;;
;;;;;;;;;;;;;;;;18247.64;0.313;;;;;;
;;;;;;;;;;;;;;;;18370.42;0.261;;;;;;
;;;;;;;;;;;;;;;;18436.81;0.258;;;;;;
;;;;;;;;;;;;;;;;18460.97;0.27;;;;;;
;;;;;;;;;;;;;;;;18563.33;0.251;;;;;;
;;;;;;;;;;;;;;;;18588.33;0.239;;;;;;
;;;;;;;;;;;;;;;;18639.17;0.308;;;;;;
;;;;;;;;;;;;;;;;18711.39;0.278;;;;;;
;;;;;;;;;;;;;;;;18737.64;0.301;;;;;;
;;;;;;;;;;;;;;;;18762.64;0.269;;;;;;
;;;;;;;;;;;;;;;;18813.75;0.297;;;;;;
;;;;;;;;;;;;;;;;18835.56;0.285;;;;;;
;;;;;;;;;;;;;;;;18875.69;0.265;;;;;;
;;;;;;;;;;;;;;;;19111.81;0.275;;;;;;
;;;;;;;;;;;;;;;;19176.94;0.349;;;;;;
;;;;;;;;;;;;;;;;19204.17;0.311;;;;;;
;;;;;;;;;;;;;;;;19250.97;0.308;;;;;;
;;;;;;;;;;;;;;;;19301.81;0.367;;;;;;
;;;;;;;;;;;;;;;;19326.25;0.311;;;;;;
;;;;;;;;;;;;;;;;19379.31;0.272;;;;;;
;;;;;;;;;;;;;;;;19408.19;0.363;;;;;;
;;;;;;;;;;;;;;;;19465.69;0.253;;;;;;
;;;;;;;;;;;;;;;;19494.31;0.233;;;;;;
;;;;;;;;;;;;;;;;19521.25;0.229;;;;;;
;;;;;;;;;;;;;;;;19699.86;0.324;;;;;;
;;;;;;;;;;;;;;;;19765.56;0.311;;;;;;
;;;;;;;;;;;;;;;;19793.33;0.339;;;;;;
;;;;;;;;;;;;;;;;19820.28;0.353;;;;;;
;;;;;;;;;;;;;;;;19847.5;0.351;;;;;;
;;;;;;;;;;;;;;;;19869.58;0.333;;;;;;
;;;;;;;;;;;;;;;;19885.42;0.328;;;;;;
;;;;;;;;;;;;;;;;19906.81;0.294;;;;;;
;;;;;;;;;;;;;;;;19934.44;0.341;;;;;;
;;;;;;;;;;;;;;;;19959.44;0.369;;;;;;
;;;;;;;;;;;;;;;;19995.28;0.374;;;;;;
;;;;;;;;;;;;;;;;20045.83;0.375;;;;;;
;;;;;;;;;;;;;;;;20145.14;0.452;;;;;;
;;;;;;;;;;;;;;;;20169.58;0.508;;;;;;
;;;;;;;;;;;;;;;;20195.28;0.5;;;;;;
;;;;;;;;;;;;;;;;20245;0.478;;;;;;
;;;;;;;;;;;;;;;;20312.5;0.468;;;;;;
;;;;;;;;;;;;;;;;20336.53;0.485;;;;;;
;;;;;;;;;;;;;;;;20397.92;0.45;;;;;;
;;;;;;;;;;;;;;;;20439.58;0.484;;;;;;
;;;;;;;;;;;;;;;;20463.89;0.452;;;;;;
;;;;;;;;;;;;;;;;20484.44;0.374;;;;;;
;;;;;;;;;;;;;;;;20529.58;0.402;;;;;;
;;;;;;;;;;;;;;;;20554.86;0.344;;;;;;
;;;;;;;;;;;;;;;;20603.75;0.357;;;;;;
;;;;;;;;;;;;;;;;20724.31;0.316;;;;;;
;;;;;;;;;;;;;;;;20764.17;0.282;;;;;;
;;;;;;;;;;;;;;;;20786.94;0.325;;;;;;
;;;;;;;;;;;;;;;;20813.06;0.324;;;;;;
;;;;;;;;;;;;;;;;20839.72;0.365;;;;;;
;;;;;;;;;;;;;;;;20865.28;0.302;;;;;;
;;;;;;;;;;;;;;;;20889.31;0.242;;;;;;
;;;;;;;;;;;;;;;;20911.94;0.329;;;;;;
;;;;;;;;;;;;;;;;20936.25;0.296;;;;;;
;;;;;;;;;;;;;;;;20976.67;0.231;;;;;;
;;;;;;;;;;;;;;;;21015.56;0.28;;;;;;
;;;;;;;;;;;;;;;;21032.92;0.22;;;;;;
;;;;;;;;;;;;;;;;21060.56;0.249;;;;;;
;;;;;;;;;;;;;;;;21164.72;0.31;;;;;;
;;;;;;;;;;;;;;;;21187.08;0.306;;;;;;
;;;;;;;;;;;;;;;;21211.67;0.321;;;;;;
;;;;;;;;;;;;;;;;21240.28;0.374;;;;;;
;;;;;;;;;;;;;;;;21266.11;0.371;;;;;;
;;;;;;;;;;;;;;;;21290.14;0.389;;;;;;
;;;;;;;;;;;;;;;;21324.86;0.376;;;;;;
;;;;;;;;;;;;;;;;21353.33;0.326;;;;;;
;;;;;;;;;;;;;;;;21410.42;0.332;;;;;;
;;;;;;;;;;;;;;;;21462.5;0.361;;;;;;
;;;;;;;;;;;;;;;;21490.69;0.291;;;;;;
;;;;;;;;;;;;;;;;21520.14;0.277;;;;;;
;;;;;;;;;;;;;;;;21541.94;0.343;;;;;;
;;;;;;;;;;;;;;;;21633.89;0.39;;;;;;
;;;;;;;;;;;;;;;;21661.53;0.326;;;;;;
;;;;;;;;;;;;;;;;21687.64;0.34;;;;;;
;;;;;;;;;;;;;;;;21712.78;0.404;;;;;;
;;;;;;;;;;;;;;;;21735.69;0.404;;;;;;
;;;;;;;;;;;;;;;;21858.33;0.333;;;;;;
;;;;;;;;;;;;;;;;21888.75;0.361;;;;;;
;;;;;;;;;;;;;;;;21933.19;0.277;;;;;;
;;;;;;;;;;;;;;;;21947.64;0.279;;;;;;