AgeC14intcal;C14Intcal20
100;-2.330145001
105;-2.197817869
110;-2.145467972
115;-1.774102913
120;-1.259275196
125;-1.175555262
130;-1.139898279
135;-1.104423244
140;-1.436214654
145;-1.752221294
150;-1.860943092
155;-2.512475861
160;-2.797096503
165;-2.379653958
170;-1.770862965
175;-1.337816001
180;-1.415673704
185;-1.126620877
190;-0.6941022
195;-0.596927704
200;-0.739333788
205;-0.674429492
210;-0.338376672
215;-0.034418329
220;0.317246731
225;0.908141401
230;1.435022363
235;1.786168871
240;1.770048933
245;1.801634435
250;1.89690167
255;1.720667658
260;1.528294556
265;1.351714205
270;1.174964675
275;1.205527119
280;1.124199639
285;0.787336034
290;0.530104922
295;0.368466636
300;0.318383106
305;0.140448042
310;-0.117456118
315;-0.375527542
320;-0.649726086
325;-0.588925193
330;-0.687892034
335;-0.86682813
340;-0.790563269
345;-0.810226401
350;-0.478926568
355;-0.259513468
360;0.071457422
365;0.306503829
370;0.429663346
375;0.632461738
380;0.914899007
385;1.021611398
390;1.128160994
395;1.394152734
400;1.691907136
405;1.797979518
410;1.951757339
415;2.264994861
420;2.290770801
425;2.061037749
430;1.879010136
435;1.904323226
440;1.961397381
445;1.938510262
450;1.995265211
455;2.051860557
460;2.028494627
465;2.084786726
470;2.156863596
475;2.053233145
480;1.997340054
485;2.05299374
490;2.188305455
495;1.86060787
500;1.70833032
505;1.492043849
510;1.291569281
515;1.090943091
520;1.001886021
525;0.912677328
530;0.599872331
535;0.622081136
540;0.580298577
545;0.298960975
550;0.16111476
555;-0.136485146
560;-0.545956781
565;-0.780015084
570;-0.934420146
575;-1.168775312
580;-0.892548209
585;-0.408985191
590;0.010587835
595;0.525776479
600;0.881214721
605;1.04498052
610;1.176680411
615;1.3720764
620;1.55136522
625;1.331500442
630;1.031690349
635;1.003059105
640;1.101966893
645;0.993246692
650;0.676898501
655;0.424248004
660;0.378938211
665;0.285605368
670;-0.031314044
675;-0.555860168
680;-0.777301827
685;-0.998885533
690;-1.172728687
695;-1.171148614
700;-1.137788323
705;-0.944965139
710;-0.736320476
715;-0.559736933
720;-0.574814661
725;-0.637913843
730;-0.988437898
735;-1.355059546
740;-1.402611766
745;-1.338578905
750;-1.386405643
755;-1.322647299
760;-0.98770053
765;-0.764610169
770;-0.733181079
775;-0.877451329
780;-0.782450631
785;-0.81526827
790;-1.039743989
795;-1.36011578
800;-1.552938964
805;-1.57033094
810;-1.380372636
815;-1.142667397
820;-1.096617044
825;-1.082619831
830;-1.068755088
835;-1.055021221
840;-1.009499155
845;-0.756623618
850;-0.47195669
855;-0.426825653
860;-0.509508165
865;-0.305033937
870;0.15467684
875;0.518495374
880;0.626821356
885;0.719057724
890;0.875007747
895;1.078709494
900;0.771554456
905;0.560033741
910;0.539910951
915;0.37601747
920;0.100276519
925;-0.143670329
930;-0.531386591
935;-0.647900224
940;-0.636858865
945;-0.386535385
950;0.02326631
955;-0.157588379
960;-0.976979974
965;-0.966557876
970;-0.780694994
975;-1.025884034
980;-1.111592626
985;-0.894177759
990;-0.804566866
995;-0.810839277
1000;-0.849153656
1005;-0.871628999
1010;-0.862304972
1015;-0.773298975
1020;-0.620571344
1025;-0.35624267
1030;-0.060111754
1035;0.251860433
1040;0.467950592
1045;0.572200303
1050;0.500768231
1055;0.285575043
1060;0.006423177
1065;-0.288807066
1070;-0.504352977
1075;-0.624251797
1080;-0.632546382
1085;-0.577116141
1090;-0.442000739
1095;-0.275079582
1100;-0.092312526
1105;0.074378323
1110;0.209034068
1115;0.279733561
1120;0.254557729
1125;0.149464833
1130;0.028298922
1135;0.018741874
1140;0.232516508
1145;0.350417093
1150;0.404363024
1155;0.362435225
1160;0.671521464
1165;1.283743929
1170;1.72028461
1175;1.246988875
1180;-0.583053386
1185;-0.210678037
1190;-0.157621736
1195;-0.439841306
1200;-0.163558342
1205;0.064733014
1210;0.532321812
1215;0.87211733
1220;0.94048023
1225;1.088536272
1230;1.364168054
1235;1.43220696
1240;1.611866059
1245;1.344519287
1250;1.15687204
1255;1.400046886
1260;1.467552716
1265;1.407270533
1270;1.330921082
1275;1.222545623
1280;1.082145754
1285;0.877799209
1290;0.593545655
1295;0.293228023
1300;-0.03911338
1305;-0.371559803
1310;-0.640266396
1315;-0.813314725
1320;-0.77898245
1325;-0.553228309
1330;-0.311615979
1335;-0.102026146
1340;-0.052141322
1345;-0.241762384
1350;-0.527248077
1355;-0.685151644
1360;-0.715473088
1365;-0.698012482
1370;-0.648733354
1375;-0.663392921
1380;-0.726035637
1385;-0.82069638
1390;-0.883537004
1395;-0.866673315
1400;-0.865868914
1405;-1.024766811
1410;-1.231641473
1415;-1.454575423
1420;-1.629725728
1425;-1.66132719
1430;-1.549389385
1435;-1.293901141
1440;-1.198113598
1445;-1.214142562
1450;-1.054705206
1455;-0.719798338
1460;-0.464788904
1465;-0.353518241
1470;-0.33810375
1475;-0.578148775
1480;-0.658684622
1485;-0.420107948
1490;-0.101824088
1495;0.008882761
1500;0.119496432
1505;0.357699794
1510;0.292564073
1515;0.147534909
1520;-0.029507334
1525;-0.094919168
1530;-0.208303139
1535;-0.593105204
1540;-0.802432969
1545;-0.979932636
1550;-1.173482014
1555;-1.015995011
1560;-0.954359392
1565;-0.813013075
1570;-0.847318218
1575;-0.881714334
1580;-0.788515558
1585;-0.679445825
1590;-0.746029148
1595;-0.621174644
1600;-0.592171525
1605;-0.72285953
1610;-0.694030378
1615;-0.808933614
1620;-0.780278429
1625;-1.007076376
1630;-1.058398428
1635;-1.0778844
1640;-1.03361522
1645;-1.069233899
1650;-1.025137091
1655;-0.757678596
1660;-0.522226955
1665;-0.254940832
1670;0.123984957
1675;0.630508193
1680;0.993305745
1685;0.988931017
1690;0.649306275
1695;0.277676274
1700;0.049607245
1705;-0.114703279
1710;-0.326977801
1715;-0.587214245
1720;-0.719851007
1725;-0.67700549
1730;-0.618282632
1735;-0.68732225
1740;-0.868165606
1745;-1.049090361
1750;-1.150293245
1755;-1.107932921
1760;-0.953931655
1765;-0.78404826
1770;-0.662127266
1775;-0.572205146
1780;-0.498323163
1785;-0.472400388
1790;-0.414635149
1795;-0.388870382
1800;-0.363182224
1805;-0.241811861
1810;-0.072636945
1815;0.080500069
1820;0.073956331
1825;-0.188030322
1830;-0.5298943
1835;-0.664350541
1840;-0.703121385
1845;-0.773887911
1850;-0.637248297
1855;-0.261277085
1860;0.050776819
1865;-0.03625265
1870;-0.251040126
1875;-0.290337662
1880;-0.233948204
1885;-0.273394171
1890;-0.408677157
1895;-0.512112892
1900;-0.440058366
1905;-0.224432653
1910;-0.040802622
1915;0.094874425
1920;0.118756671
1925;-0.017036727
1930;-0.168861961
1935;-0.19307698
1940;-0.185443152
1945;-0.305563821
1950;-0.585358058
1955;-0.609858767
1960;-0.299262681
1965;0.107025506
1970;0.257877479
1975;0.312897539
1980;0.383807709
1985;0.342926908
1990;0.126412524
1995;-0.154012306
2000;-0.434505766
2005;-0.73102803
2010;-0.868017175
2015;-0.749706409
2020;-0.519743527
2025;-0.273887345
2030;-0.060019344
2035;0.073979634
2040;0.064268409
2045;-0.073192365
2050;-0.130918022
2055;-0.156789564
2060;-0.150806673
2065;-0.11296903
2070;-0.075197302
2075;-0.037491012
2080;0.095911846
2085;0.261170096
2090;0.426364344
2095;0.511691484
2100;0.421389508
2105;0.394866625
2110;0.432119641
2115;0.405467479
2120;0.2510688
2125;0.016806045
2130;-0.041956554
2135;0.154583153
2140;0.335099961
2145;0.292109204
2150;-0.022269482
2155;-0.40055175
2160;-0.619291325
2165;-0.550808722
2170;-0.322781829
2175;-0.222501453
2180;-0.425526482
2185;-0.724375762
2190;-0.624275737
2195;-0.300791681
2200;-0.136972096
2205;-0.116855052
2210;-0.160639197
2215;-0.188521901
2220;-0.120703088
2225;0.090699999
2230;0.381846184
2235;0.672933954
2240;0.884160999
2245;0.999566984
2250;1.06703451
2255;1.182325581
2260;1.361400532
2265;1.652133983
2270;1.990700555
2275;2.297282618
2280;2.508054793
2285;2.559159784
2290;2.418692881
2295;2.166439797
2300;1.850281534
2305;1.581959585
2310;1.37741992
2315;1.316468999
2320;1.30334322
2325;1.290163176
2330;1.229046268
2335;1.056152754
2340;0.739561966
2345;0.327154906
2350;-0.08530562
2355;-0.481860078
2360;-0.79866633
2365;-0.987844174
2370;-1.081311084
2375;-1.079070253
2380;-0.997082015
2385;-0.851303513
2390;-0.657696677
2395;-0.496061583
2400;-0.398320496
2405;-0.380433749
2410;-0.394518744
2415;-0.376734144
2420;-0.295159279
2425;-0.245556155
2430;-0.227924774
2435;-0.2263048
2440;-0.1768533
2445;-0.095532683
2450;0.033619778
2455;0.1786823
2460;0.259854964
2465;0.197333546
2470;0.102843898
2475;0.167907478
2480;0.408487174
2485;0.537295052
2490;0.330886432
2495;-0.01921228
2500;-0.225715864
2505;-0.144982109
2510;-0.016414752
2515;-0.031537808
2520;-0.094589268
2525;-0.045965471
2530;0.114333743
2535;0.210745015
2540;0.147506181
2545;0.004419485
2550;-0.011030741
2555;0.164996313
2560;0.436741754
2565;0.628637642
2570;0.660885497
2575;0.597326658
2580;0.709286807
2585;0.964843681
2590;1.124595455
2595;1.41198362
2600;1.811051032
2605;2.24199602
2610;2.194083096
2615;1.491758159
2620;1.172434962
2625;1.092473687
2630;1.45935868
2635;1.826197389
2640;2.14511679
2645;2.46398831
2650;2.623224566
2655;2.702611269
2660;3.101156778
2665;3.164503345
2670;2.988397016
2675;3.019727152
2680;3.098906371
2685;3.066331328
2690;3.033692445
2695;2.985077266
2700;2.760834569
2705;2.600401288
2710;2.487817089
2715;2.502867685
2720;2.310402013
2725;1.926364448
2730;1.685922011
2735;1.780630635
2740;1.540113184
2745;1.219760545
2750;1.043014206
2755;0.642783286
2760;0.194633058
2765;0.049691516
2770;-0.063367662
2775;-0.064742326
2780;-0.241717695
2785;-0.482573505
2790;-0.56386268
2795;-0.549426557
2800;-0.519066809
2805;-0.440864363
2810;-0.362697029
2815;-0.236686998
2820;-0.078790772
2825;0.110989414
2830;0.348615172
2835;0.506402229
2840;0.520511165
2845;0.343060975
2850;0.085774001
2855;-0.123667242
2860;-0.221420938
2865;-0.239408235
2870;-0.273389383
2875;-0.387207315
2880;-0.564901697
2885;-0.710707332
2890;-0.744825739
2895;-0.651294987
2900;-0.446075412
2905;-0.224929019
2910;-0.051696987
2915;0.009779907
2920;0.023343079
2925;-0.011007487
2930;-0.061350914
2935;-0.095766183
2940;-0.066372355
2945;0.010870445
2950;0.056160718
2955;-0.042223571
2960;-0.252361642
2965;-0.494451186
2970;-0.624850309
2975;-0.547795411
2980;-0.359050093
2985;-0.154374606
2990;-0.061451624
2995;-0.160083777
3000;-0.354506186
3005;-0.533000181
3010;-0.535959227
3015;-0.395305589
3020;-0.238720344
3025;-0.146006283
3030;-0.133122782
3035;-0.120268329
3040;-0.043601426
3045;0.112838579
3050;0.253290479
3055;0.297950686
3060;0.246821755
3065;0.163743427
3070;0.048716659
3075;-0.178059902
3080;-0.436784901
3085;-0.519973356
3090;-0.363783928
3095;0.047744515
3100;0.299642482
3105;0.248266165
3110;0.101102785
3115;0.033714104
3120;0.173784073
3125;0.425548771
3130;0.661329195
3135;0.753439476
3140;0.717843143
3145;0.618378339
3150;0.566770598
3155;0.578978657
3160;0.559240512
3165;0.411795751
3170;0.216444451
3175;0.132791391
3180;0.096995234
3185;0.077135311
3190;0.184933963
3195;0.404431653
3200;0.623905403
3205;0.603950197
3210;0.408407372
3215;0.228804134
3220;0.192818368
3225;0.236611929
3230;0.232503739
3235;0.196449344
3240;0.208255203
3245;0.235999052
3250;0.151998855
3255;0.020095151
3260;-0.032028428
3265;-0.03629287
3270;-0.120380211
3275;-0.252369622
3280;-0.224777396
3285;0.058159112
3290;0.45279785
3295;0.703772512
3300;0.938766091
3305;1.173738921
3310;1.344849666
3315;1.420179252
3320;1.383767345
3325;1.267533018
3330;1.135319204
3335;1.003086238
3340;0.886792858
3345;0.834323259
3350;0.81375358
3355;0.745285341
3360;0.628916948
3365;0.448688064
3370;0.284401958
3375;0.152018167
3380;0.05153685
3385;-0.017041834
3390;-0.085638393
3395;-0.186172539
3400;-0.302686172
3405;-0.403255431
3410;-0.455961243
3415;-0.460803609
3420;-0.369899928
3425;-0.151331449
3430;0.162983715
3435;0.397479331
3440;0.392553972
3445;0.148207797
3450;-0.175956329
3455;-0.532056925
3460;-0.760490807
3465;-0.717613369
3470;-0.946079171
3475;-0.663827042
3480;-0.700799156
3485;-1.025071653
3490;-1.125913834
3495;-1.274651382
3500;-1.327641288
3505;-1.029519799
3510;-1.050617765
3515;-1.087690429
3520;-1.076896455
3525;-0.810751496
3530;-0.656341645
3535;-0.517906493
3540;-0.427365112
3545;-0.209155421
3550;-0.342084258
3555;-0.251582778
3560;-0.352618078
3565;-0.613269491
3570;-0.810090738
3575;-1.086728021
3580;-1.15589213
3585;-1.161226074
3590;-1.134653713
3595;-1.251733938
3600;-1.097501247
3605;-0.815597053
3610;-0.661386707
3615;-0.618911469
3620;-0.656247479
3625;-0.61379299
3630;-0.555389338
3635;-0.576798531
3640;-0.853582649
3645;-1.114417605
3650;-1.3114208
3655;-1.284990486
3660;-0.987244065
3665;-0.593745214
3670;-0.248136942
3675;-0.06214127
3680;-0.051719172
3685;-0.248791315
3690;-0.605474463
3695;-0.946206853
3700;-1.14330581
3705;-1.085047398
3710;-0.931036555
3715;-0.872795699
3720;-1.053967839
3725;-1.31494963
3730;-1.528059994
3735;-1.565613065
3740;-1.411650104
3745;-1.177893451
3750;-0.912224109
3755;-0.726362824
3760;-0.62031119
3765;-0.625988281
3770;-0.743395693
3775;-0.940609564
3780;-1.073990078
3785;-0.967971961
3790;-0.622556809
3795;-0.149463132
3800;0.259781547
3805;0.509418732
3810;0.59944619
3815;0.529863921
3820;0.316632258
3825;0.039555108
3830;-0.269448776
3835;-0.530575806
3840;-0.743828218
3845;-0.877282149
3850;-0.930940793
3855;-0.872881885
3860;-0.7829055
3865;-0.676973569
3870;-0.634887764
3875;-0.640686153
3880;-0.678409999
3885;-0.700176703
3890;-0.721948195
3895;-0.807564217
3900;-0.925104099
3905;-0.994766171
3910;-0.984629762
3915;-0.910655208
3920;-0.820723513
3925;-0.874436422
3930;-1.103716201
3935;-1.301078503
3940;-1.179235715
3945;-0.802030769
3950;-0.424827419
3955;-0.255110012
3960;-0.260959474
3965;-0.362570943
3970;-0.496106272
3975;-0.613681267
3980;-0.811061126
3985;-1.088242657
3990;-1.301584446
3995;-1.371283226
4000;-1.393102599
4005;-1.383001304
4010;-1.388861938
4015;-1.378760643
4020;-1.352702205
4025;-1.246840499
4030;-1.077137456
4035;-0.827632741
4040;-0.546207358
4045;-0.280742309
4050;-0.063157305
4055;0.09058684
4060;0.132609283
4065;0.094831012
4070;0.073014033
4075;0.067158506
4080;-0.06637842
4085;-0.327597062
4090;-0.652654808
4095;-0.977710957
4100;-1.19104317
4105;-1.212849775
4110;-1.07505144
4115;-0.873408576
4120;-0.623883113
4125;-0.374354458
4130;-0.108864191
4135;0.076827596
4140;0.055037909
4145;-0.174232613
4150;-0.595025232
4155;-1.031774994
4160;-1.308916624
4165;-1.26684997
4170;-1.033254517
4175;-0.879457543
4180;-0.885260721
4185;-0.986821116
4190;-1.024536982
4195;-0.886684382
4200;-0.573263317
4205;-0.22791839
4210;0.069550641
4215;0.191460143
4220;0.153772208
4225;0.052247404
4230;-0.081193281
4235;-0.230588554
4240;-0.443820217
4245;-0.657047092
4250;-0.742584908
4255;-0.764276598
4260;-0.738080901
4265;-0.648037483
4270;-0.494147939
4275;-0.276410674
4280;-0.10654707
4285;-0.096281064
4290;-0.229651682
4295;-0.458776646
4300;-0.624055485
4305;-0.645683334
4310;-0.555580862
4315;-0.51335301
4320;-0.42323777
4325;-0.253312878
4330;0.012382016
4335;0.278084858
4340;0.43207176
4345;0.458383967
4350;0.37298341
4355;0.239708234
4360;0.122402809
4365;0.228550364
4370;0.494309084
4375;0.680275708
4380;0.754527971
4385;0.81282788
4390;0.855177032
4395;0.929456428
4400;0.971824731
4405;0.854599267
4410;0.561818106
4415;0.157324978
4420;-0.422722251
4425;-0.763354091
4430;-0.657086993
4435;-0.518889649
4440;-0.572205146
4445;-0.848955748
4450;-1.157617442
4455;-1.29070269
4460;-1.184374943
4465;-0.902470749
4470;-0.636515718
4475;-0.48227345
4480;-0.232258005
4485;0.049690878
4490;0.283769929
4495;0.390175882
4500;0.496594604
4505;0.539184756
4510;0.501984409
4515;0.321152224
4520;-0.051190885
4525;-0.471402867
4530;-0.811801686
4535;-0.928743055
4540;-0.854147645
4545;-0.699736198
4550;-0.577234248
4555;-0.454719529
4560;-0.268350705
4565;-0.161769188
4570;-0.246698915
4575;-0.475258883
4580;-0.655923484
4585;-0.756773645
4590;-0.745887101
4595;-0.591343183
4600;-0.37294516
4605;-0.186451845
4610;-0.143588612
4615;-0.244354342
4620;-0.392984956
4625;-0.493721798
4630;-0.48272034
4635;-0.344021842
4640;-0.20530898
4645;-0.242143836
4650;-0.454528005
4655;-0.666896214
4660;-0.703684785
4665;-0.51701431
4670;-0.218605535
4675;0.127700842
4680;0.442101234
4685;0.62883555
4690;0.640022148
4695;0.507583294
4700;0.343238135
4705;0.24275187
4710;0.254003906
4715;0.297194166
4720;0.340400388
4725;0.335743162
4730;0.235341487
4735;0.134956091
4740;0.130350258
4745;0.33324537
4750;0.71172395
4755;1.185980497
4760;1.676218127
4765;2.086670046
4770;2.353494915
4775;2.492653071
4780;2.53606518
4785;2.499707538
4790;2.39952452
4795;2.299341501
4800;2.183230069
4805;2.083110891
4810;1.998952048
4815;1.914809165
4820;1.734936197
4825;1.443358445
4830;1.087956912
4835;0.732574531
4840;0.44105264
4845;0.197432501
4850;-0.030208471
4855;-0.273789987
4860;-0.549271742
4865;-0.808772414
4870;-1.036331669
4875;-1.231951103
4880;-1.347748117
4885;-1.383722711
4890;-1.355833622
4895;-1.24812371
4900;-1.124432715
4905;-1.01667971
4910;-0.956786959
4915;-0.912833794
4920;-0.852897951
4925;-0.76102069
4930;-0.637200416
4935;-0.465478391
4940;-0.245851422
4945;-0.042164358
4950;0.049823029
4955;-0.033731077
4960;-0.197063872
4965;-0.328454132
4970;-0.411941045
4975;-0.575207285
4980;-0.818251257
4985;-0.917629875
4990;-0.857381208
4995;-0.797110198
5000;-0.688934244
5005;-0.469013605
5010;-0.153306221
5015;0.130503636
5020;0.254733293
5025;0.235344679
5030;0.184059336
5035;0.11683776
5040;0.017719615
5045;-0.209056467
5050;-0.531571731
5055;-0.838099529
5060;-0.969041304
5065;-0.90843353
5070;-0.895681223
5075;-0.866944641
5080;-0.790301519
5085;-0.777474199
5090;-0.780581676
5095;-0.703861944
5100;-0.483473668
5105;-0.167297848
5110;0.132943333
5115;0.305528653
5120;0.382376067
5125;0.363488607
5130;0.280786943
5135;0.18215048
5140;0.051620322
5145;-0.094843835
5150;-0.113598505
5155;0.043237316
5160;0.295861479
5165;0.628315243
5170;0.865034134
5175;0.974097483
5180;1.115108633
5185;1.351910517
5190;1.652580872
5195;1.905392568
5200;2.126315516
5205;2.331310051
5210;2.280971156
5215;2.118925881
5220;2.116515871
5225;2.305661793
5230;2.446958633
5235;2.380787087
5240;2.378504759
5245;2.535841735
5250;2.741091635
5255;2.834635155
5260;2.832464549
5265;2.846270238
5270;2.844163474
5275;2.746310664
5280;2.600608772
5285;2.423018132
5290;2.245443452
5295;2.115797656
5300;2.018088489
5305;1.856585866
5310;1.583378458
5315;1.166563155
5320;0.638054239
5325;0.045734949
5330;-0.466752025
5335;-0.723841091
5340;-0.645734407
5345;-0.392030528
5350;-0.154257138
5355;-0.123936333
5360;-0.205305788
5365;-0.206842768
5370;-0.096625488
5375;0.141306548
5380;0.475032192
5385;0.792829581
5390;0.967017478
5395;1.029514956
5400;1.108004688
5405;1.298248681
5410;1.552367529
5415;1.822478631
5420;2.172424922
5425;2.442601462
5430;2.569166913
5435;2.488295899
5440;2.215916833
5445;1.879728351
5450;1.735111761
5455;1.718193807
5460;1.685363399
5465;1.508923499
5470;1.236751917
5475;0.88481218
5480;0.532909152
5485;0.228919048
5490;0.020726861
5495;-0.027827828
5500;0.147097117
5505;0.497620853
5510;0.864138759
5515;1.007248693
5520;1.038669803
5525;1.13396896
5530;1.372946238
5535;1.64388249
5540;1.866960083
5545;1.978363217
5550;2.0099966
5555;2.009757195
5560;2.105311716
5565;2.216842533
5570;2.184794181
5575;1.993158447
5580;1.64196725
5585;1.083323627
5590;0.49279764
5595;0.029991037
5600;-0.416818523
5605;-0.879550113
5610;-1.230522653
5615;-1.246291464
5620;-0.910894614
5625;-0.607381723
5630;-0.3836322
5635;-0.159844372
5640;0.032060454
5645;0.112281084
5650;0.016976023
5655;-0.285774602
5660;-0.684249886
5665;-0.891161256
5670;-0.794787969
5675;-0.618574706
5680;-0.522124809
5685;-0.425635012
5690;-0.249303642
5695;-0.072933808
5700;0.055594446
5705;0.104360449
5710;0.105285031
5715;0.058368352
5720;0.011491525
5725;-0.067265974
5730;-0.130023126
5735;-0.192740217
5740;-0.271376784
5745;-0.429775123
5750;-0.667935232
5755;-0.922014178
5760;-1.096249956
5765;-1.174683828
5770;-1.17327453
5775;-1.107983994
5780;-0.978809028
5785;-0.849594161
5790;-0.736298132
5795;-0.702760681
5800;-0.653222996
5805;-0.507880211
5810;-0.266733923
5815;-0.073426663
5820;0.088002064
5825;0.440996779
5830;0.937677596
5835;1.19499649
5840;1.196991532
5845;1.151148664
5850;1.169190226
5855;1.155354212
5860;1.141561291
5865;1.175692466
5870;1.273708071
5875;1.387727104
5880;1.453909822
5885;1.408413293
5890;1.267199447
5895;1.030266687
5900;0.745496018
5905;0.428850964
5910;0.144169832
5915;-0.076625273
5920;-0.217574497
5925;-0.342518379
5930;-0.515298574
5935;-0.735915084
5940;-0.988405977
5945;-1.192972775
5950;-1.317691615
5955;-1.266800493
5960;-1.088182007
5965;-0.781836158
5970;-0.443523355
5975;-0.121123803
5980;0.121519245
5985;0.060961906
5990;-0.286834368
5995;-0.634586113
6000;-1.141893321
6005;-1.4895509
6010;-1.613717513
6015;-1.673999696
6020;-1.686337034
6025;-1.682682118
6030;-1.663018986
6035;-1.611387304
6040;-1.479907666
6045;-1.188775207
6050;-0.881634533
6055;-0.718088986
6060;-0.761979906
6065;-0.837742017
6070;-0.785775168
6075;-0.574155499
6080;-0.250765609
6085;0.120553485
6090;0.460000749
6095;0.735656472
6100;0.835796398
6105;0.728499858
6110;0.461651048
6115;0.115049245
6120;-0.215542747
6125;-0.450324053
6130;-0.509490609
6135;-0.313242337
6140;0.090539119
6145;0.574173001
6150;1.041896983
6155;1.413908436
6160;1.57848502
6165;1.583510929
6170;1.444943306
6175;1.258545754
6180;1.024318271
6185;0.806100599
6190;0.603895931
6195;0.417702671
6200;0.215600149
6205;0.013549163
6210;-0.188450079
6215;-0.358477117
6220;-0.464610148
6225;-0.458969766
6230;-0.309635302
6235;-0.016603723
6240;0.388201589
6245;0.809019745
6250;1.166050828
6255;1.39545031
6260;1.449338782
6265;1.327717843
6270;1.094425635
6275;0.797347952
6280;0.468400673
6285;0.139507978
6290;-0.173370755
6295;-0.486196501
6300;-0.783007646
6305;-1.095724861
6310;-1.376467143
6315;-1.60928054
6320;-1.74626809
6325;-1.739564749
6330;-1.589154558
6335;-1.390813887
6340;-1.272220623
6345;-1.233373169
6350;-1.258312787
6355;-1.31511881
6360;-1.308026037
6365;-1.125315321
6370;-0.766985067
6375;-0.360717948
6380;-0.066117787
6385;-0.026826477
6390;-0.258804829
6395;-0.650329387
6400;-1.089679087
6405;-1.417250585
6410;-1.728807484
6415;-1.78493998
6420;-1.537765474
6425;-1.194774696
6430;-0.915567799
6435;-0.891668795
6440;-1.075198275
6445;-1.306549706
6450;-1.442081673
6455;-1.481794177
6460;-1.425685622
6465;-1.289719533
6470;-1.121772127
6475;-0.953767264
6480;-0.865506615
6485;-0.920828326
6490;-1.151656257
6495;-1.478187142
6500;-1.740825616
6505;-1.811865064
6510;-1.723253287
6515;-1.554774402
6520;-1.338357056
6525;-1.185721995
6530;-1.12878829
6535;-1.13563687
6540;-1.094543797
6545;-0.989550333
6550;-0.916415293
6555;-0.970903875
6560;-1.121093813
6565;-1.28718184
6570;-1.389369477
6575;-1.363812194
6580;-1.162630583
6585;-0.881586652
6590;-0.600480475
6595;-0.431035989
6600;-0.421132602
6605;-0.443087638
6610;-0.417099425
6615;-0.295288557
6620;-0.189374183
6625;-0.211081833
6630;-0.328487649
6635;-0.461791553
6640;-0.531191875
6645;-0.488806015
6650;-0.462318244
6655;-0.451728563
6660;-0.568756118
6665;-0.781483435
6670;-1.042027913
6675;-1.302508549
6680;-1.4512046
6685;-1.456192205
6690;-1.333431697
6695;-1.162727941
6700;-0.960038079
6705;-0.77324471
6710;-0.586387499
6715;-0.447344259
6720;-0.372078514
6725;-0.344629931
6730;-0.396915986
6735;-0.512977942
6740;-0.724738062
6745;-1.000272486
6750;-1.243820804
6755;-1.311740007
6760;-1.124226827
6765;-0.840886203
6770;-0.589400811
6775;-0.481489798
6780;-0.533116692
6785;-0.664479819
6790;-0.827694987
6795;-1.086605126
6800;-1.393329236
6805;-1.556343303
6810;-1.432004318
6815;-1.052231354
6820;-0.624510354
6825;-0.436127336
6830;-0.4391997
6835;-0.378362098
6840;-0.285535197
6845;-0.336282676
6850;-0.482725128
6855;-0.61313702
6860;-0.631759538
6865;-0.522629156
6870;-0.317666542
6875;-0.128596591
6880;-0.067139408
6885;-0.181176955
6890;-0.343024321
6895;-0.47288239
6900;-0.538828895
6905;-0.508943169
6910;-0.431104619
6915;-0.305316435
6920;-0.163497692
6925;-0.021606809
6930;0.088433632
6935;0.134703758
6940;0.085283221
6945;-0.091748807
6950;-0.316590816
6955;-0.429637864
6960;-0.398971677
6965;-0.304390736
6970;-0.177817304
6975;-0.099053214
6980;-0.052137173
6985;-0.053029834
6990;-0.10173072
6995;-0.182279814
7000;-0.278715346
7005;-0.359118722
7010;-0.439448681
7015;-0.503744888
7020;-0.552005747
7025;-0.600194785
7030;-0.600427806
7035;-0.552706406
7040;-0.425109917
7045;-0.217636743
7050;-0.010089129
7055;0.165612382
7060;0.277546995
7065;0.293794615
7070;0.27819658
7075;0.278633894
7080;0.311066889
7085;0.375497163
7090;0.471923119
7095;0.616305091
7100;0.760763674
7105;0.9212592
7110;1.08182974
7115;1.290357892
7120;1.514924584
7125;1.787445697
7130;2.13984988
7135;2.540214867
7140;2.892762692
7145;3.037905973
7150;2.816057326
7155;2.259105498
7160;1.52666341
7165;0.794304316
7170;0.253545844
7175;-0.063687667
7180;-0.15739877
7185;-0.091428005
7190;0.070383291
7195;0.312075582
7200;0.601726922
7205;0.923378732
7210;1.245110344
7215;1.566920162
7220;1.824968443
7225;2.035213928
7230;2.165737542
7235;2.200578952
7240;2.155714452
7245;2.015151788
7250;1.778906918
7255;1.478906898
7260;1.163026345
7265;0.911068526
7270;0.723031847
7275;0.630840168
7280;0.602569628
7285;0.654183753
7290;0.753760279
7295;0.901299206
7300;1.048921126
7305;1.164703776
7310;1.184807413
7315;1.093271703
7320;0.906055385
7325;0.671042654
7330;0.452071655
7335;0.297026583
7340;0.285707514
7345;0.386195375
7350;0.534647233
7355;0.651261416
7360;0.688158517
7365;0.597457533
7370;0.554722141
7375;0.751476355
7380;1.123878836
7385;1.464445239
7390;1.693375487
7395;1.954310993
7400;2.24724697
7405;2.556239043
7410;2.609945568
7415;2.488168217
7420;2.143041947
7425;1.111707485
7430;-0.063186353
7435;-0.631500981
7440;-0.465553404
7445;-0.139916139
7450;0.217729258
7455;0.447778325
7460;0.550234095
7465;0.541053711
7470;0.484080105
7475;0.379313279
7480;0.306554903
7485;0.281765311
7490;0.320906435
7495;0.455898943
7500;0.590977637
7505;0.59846463
7510;0.33471372
7515;-0.120470706
7520;-0.495764721
7525;-0.535802816
7530;-0.224622581
7535;0.310091713
7540;0.876816053
7545;1.331909026
7550;1.595568962
7555;1.651830736
7560;1.484745188
7565;1.094302741
7570;0.576270189
7575;0.058327014
7580;-0.315880581
7585;-0.546354193
7590;-0.601173153
7595;-0.512254939
7600;-0.375364747
7605;-0.302224919
7610;-0.388594268
7615;-0.602553722
7620;-0.784499938
7625;-0.838670909
7630;-0.73314437
7635;-0.531763255
7640;-0.282406971
7645;-0.080838961
7650;0.072942531
7655;0.131056024
7660;0.061581167
7665;-0.119521704
7670;-0.364371269
7675;-0.657007191
7680;-0.917626683
7685;-1.130271005
7690;-1.278978228
7695;-1.363749948
7700;-1.384582973
7705;-1.357439232
7710;-1.282318726
7715;-1.17518179
7720;-1.067949092
7725;-0.960617439
7730;-0.901072624
7735;-0.857389189
7740;-0.84553066
7745;-0.865495442
7750;-0.885362867
7755;-0.873210668
7760;-0.78115944
7765;-0.625169516
7770;-0.4531219
7775;-0.328854736
7780;-0.284291887
7785;-0.351352424
7790;-0.545996681
7795;-0.804383322
7800;-0.950948669
7805;-0.842048115
7810;-0.509603927
7815;-0.129178984
7820;0.123663516
7825;0.169122059
7830;0.071037665
7835;-0.090787197
7840;-0.252511669
7845;-0.350292658
7850;-0.352212686
7855;-0.258266966
7860;-0.196141364
7865;-0.309477295
7870;-0.566355684
7875;-0.823130331
7880;-0.936161419
7885;-0.841604418
7890;-0.507540256
7895;0.05007201
7900;0.671628398
7905;1.101764197
7910;1.260676458
7915;1.260090714
7920;1.163846706
7925;0.955982503
7930;0.588620295
7935;0.141561595
7940;-0.209631039
7945;-0.28939281
7950;-0.161566492
7955;-0.017674182
7960;-0.033279719
7965;-0.192422606
7970;-0.399340361
7975;-0.606152778
7980;-0.685177181
7985;-0.65237231
7990;-0.507738164
7995;-0.299155746
8000;-0.122387861